Price,Open,High,Low,Close
2004-09-06,27.330305049173536,27.498181612667732,26.58493269740442,27.222864151000977
2004-09-13,27.424309455008956,28.189826005533725,27.195997276642576,27.706340789794922
2004-09-20,27.652631725269362,27.988384900601343,27.249728939508362,27.766786575317383
2004-09-27,27.645909995062322,28.653169330426433,27.60562126106725,28.397998809814453
2004-10-04,28.40471894438781,30.513248536756453,28.364430201599568,30.009618759155273
2004-10-11,29.882029688384396,30.882575180332427,29.64028701588188,30.620685577392578
2004-10-18,30.620673166596006,31.392906106143347,30.378933153665788,30.707969665527344
2004-10-25,30.553541871714604,32.601635924422894,30.44610094781628,32.1920166015625
2004-11-01,32.09800013206111,33.88420676001684,31.695097382919563,33.273136138916016
2004-11-08,32.810256013945775,33.28801191415714,32.49399810279378,33.05249786376953
2004-11-15,33.06595965452781,33.54371304023237,31.928771475833233,31.948957443237305
2004-11-22,31.975872485849237,33.516797918551276,31.89512605261223,33.40240478515625
2004-11-29,33.20053093310435,33.523519169841464,32.23829402148069,32.24502182006836
2004-12-06,32.292132535312135,32.917920592772916,31.659611544277713,31.975872039794922
2004-12-13,31.982597228448377,32.63530413250082,31.491385742314996,32.15755081176758
2004-12-20,32.096981393310585,32.50071597511047,31.915300061436074,31.96240234375
2004-12-27,32.1508144024943,32.91791171793887,31.861470317983503,32.574737548828125
2005-01-03,32.46035626977902,32.96502597034417,31.572135235252144,31.955686569213867
2005-01-10,31.901849166443096,32.62857465947576,31.62596320709902,32.48053741455078
2005-01-17,32.399797937791526,33.09287688416403,31.24242119350244,31.29625129699707
2005-01-24,31.35680821176753,32.157552408088335,31.17512938705349,31.82110595703125
2005-01-31,32.09699736860565,32.460360213207366,30.784855474354877,31.074199676513672
2005-02-07,31.154837134299427,31.633622967134116,30.62884463692025,31.316679000854492
2005-02-14,31.37063600134869,31.761756088915593,30.844645942319467,30.88510513305664
2005-02-21,30.69626942497759,31.532458092154425,30.615348521928347,31.404333114624023
2005-02-28,31.431320607965635,31.87638961748226,29.88032270040347,30.18377685546875
2005-03-07,30.291663738035677,31.444798976775104,29.92077343028112,30.305150985717773
2005-03-14,30.2781746366268,30.85811076760337,29.185730885938852,29.468957901000977
2005-03-21,29.441992969752313,29.718475165521774,28.82833723902351,29.401531219482422
2005-03-28,29.354331381804393,30.615362437338458,29.354331381804393,29.5296630859375
2005-04-04,29.55663511056657,31.849413744560504,29.42850751311841,31.14134979248047
2005-04-11,30.932298651816733,31.36388035485935,30.21074750971176,30.251209259033203
2005-04-18,30.33214313532767,30.52770448189664,26.623232754222588,27.088531494140625
2005-04-25,27.25036831300637,28.288863544606194,26.906452397310446,27.398725509643555
2005-05-02,27.45267145655142,29.07110562179083,27.432441865525742,28.916006088256836
2005-05-09,29.076466984267732,29.41456543757317,28.116268615033803,28.427318572998047
2005-05-16,28.521963595276144,30.6655048877748,28.17034116714538,30.40178871154785
2005-05-23,30.469420494205767,31.348475580511714,29.73912690960719,30.63170623779297
2005-05-30,30.631729197079643,31.598691290625325,30.50325267215279,31.18621063232422
2005-06-06,30.679036279057456,31.382281299310115,30.54379645524193,30.976564407348633
2005-06-13,30.875142273292624,31.55809982864382,30.760190068519826,31.504005432128906
2005-06-20,31.25381955920065,31.456678100424323,29.94875941869708,30.3747615814209
2005-06-27,30.32065389457074,30.88865910891805,30.13131968295003,30.381511688232422
2005-07-04,30.523531056525147,30.94277245901256,30.10428965403774,30.800771713256836
2005-07-11,30.61819393501821,31.443154954971384,30.564099525890967,31.409345626831055
2005-07-18,31.294396492670188,31.64601924398508,30.69934498689439,31.071252822875977
2005-07-25,30.935998476444638,31.537813116055585,30.861616428045863,31.084762573242188
2005-08-01,31.05095717946087,31.145626902380535,29.45513482825084,29.52951431274414
2005-08-08,29.706213846810954,29.841797267047866,28.743576476602303,29.02829933166504
2005-08-15,29.01475948307808,30.214669260704472,28.68258260415458,30.004514694213867
2005-08-22,30.004504186042933,30.133309637121283,29.157110791219722,29.23168182373047
2005-08-29,28.811380631396037,29.950277766767353,28.736809585407222,29.258804321289062
2005-09-05,29.26558488417557,29.516415258202876,29.041874312738372,29.177457809448242
2005-09-12,29.211348121137046,29.828250470610357,29.001193607301648,29.279138565063477
2005-09-19,29.123206950019284,29.448605606964684,27.46231587070406,29.02829933166504
2005-09-26,29.252013847159382,29.482504897445263,28.479189088408752,29.21133804321289
2005-10-03,29.177460801194197,30.94681927888308,28.7096978188845,30.940038681030273
2005-10-10,30.84511513883084,31.584042176367472,30.540053043326903,31.495912551879883
2005-10-17,31.353580695746174,32.695852596828274,31.204438511389892,32.37723159790039
2005-10-24,32.316201719934035,32.70261558824349,31.37390043208278,32.092491149902344
2005-10-31,32.167051144643125,33.89573301099609,32.167051144643125,33.27205276489258
2005-11-07,33.25171169149737,34.099104968987305,32.91275438050139,33.990638732910156
2005-11-14,33.93641979038992,34.10589851022319,32.91954747139025,33.76694107055664
2005-11-21,33.778003245991925,34.62058585495781,33.24799315176142,34.369171142578125
2005-11-28,34.30803145089587,34.79727076221773,32.62966193719917,33.52660369873047
2005-12-05,33.4586572246173,33.907128140744796,32.69081975279095,32.98979949951172
2005-12-12,32.97619553784339,33.84595891905543,32.7383711320969,33.12568664550781
2005-12-19,33.2819628430031,34.26044347256653,32.88785356146304,33.961463928222656
2005-12-26,34.07019381326686,34.24686559789126,33.56056785253688,33.61492919921875
2006-01-02,33.80520456343409,34.3012404198464,33.11890908869731,33.87315368652344
2006-01-09,33.92750523977585,34.7089328896163,33.71006499830743,34.654571533203125
2006-01-16,34.52547069943108,34.6070101502237,33.750836844577755,33.764427185058594
2006-01-23,33.69647084480277,34.5662317122205,33.2615904110939,34.00904083251953
2006-01-30,33.920708960616075,34.260459663789355,33.322749589337455,33.60134506225586
2006-02-06,33.40428128107747,33.934291425573065,32.94222022461256,33.79839324951172
2006-02-13,33.83659768941893,35.51889312186478,33.80935342859782,34.722015380859375
2006-02-20,34.74245071234294,35.35543365064431,34.32698738544531,34.52450180053711
2006-02-27,34.7220165711076,36.82658772580117,34.401902990875534,36.451988220214844
2006-03-06,36.25447914144373,36.78572937096763,35.96842212497898,36.758487701416016
2006-03-13,36.806156823938785,38.195583033150854,36.744858532410134,38.059364318847656
2006-03-20,38.072985477196276,38.35223266521196,36.99005075330019,37.21480941772461
2006-03-27,37.13309072721806,37.65753123745409,36.744868969978874,36.88789749145508
2006-04-03,37.10584322495646,39.08100847597621,36.85384024266433,37.93677520751953
2006-04-10,37.46682791246217,37.58942454332904,36.66314264078381,36.84022521972656
2006-04-17,36.79935150482163,37.8618545620258,36.27491104314654,36.758487701416016
2006-04-24,36.56778023055798,37.39871220412467,36.526916427370345,37.0717887878418
2006-05-01,37.28293592767715,38.706416734920566,36.32940714456558,38.61787414550781
2006-05-08,38.617861902109844,38.98565168169091,37.39189856832904,37.61665725708008
2006-05-15,37.32765956572268,37.98300921474616,36.201275240609554,36.99998474121094
2006-05-22,36.75423019621826,37.341315268881104,36.522126855959186,37.15699768066406
2006-05-29,37.047765595068036,37.081897896503946,35.71658500604614,36.48798751831055
2006-06-05,36.33779932715103,36.672302104066624,35.51861113832675,36.20809555053711
2006-06-12,36.15348038881758,36.863443631904076,35.63466269833274,36.692779541015625
2006-06-19,36.692775949701534,38.344802937828014,36.249048315170576,37.88742446899414
2006-06-26,37.846454446282166,39.1708089889063,37.81232216102541,39.000144958496094
2006-07-03,39.0342803455424,39.55309789340071,37.63483570579961,38.33797073364258
2006-07-10,38.249224833747206,38.84313758379155,36.249042023159205,36.53575897216797
2006-07-17,36.52893051906663,37.04092264668131,35.743877485866754,35.880409240722656
2006-07-24,36.119329485023606,36.93168920168934,34.61066032373325,35.409366607666016
2006-07-31,35.588050405280285,36.20399847581505,34.21243652871774,35.43748474121094
2006-08-07,35.48540159005366,35.93025339060816,33.82234393854469,34.73257827758789
2006-08-14,35.067903948633244,35.991823060079625,34.88311960419942,35.964447021484375
2006-08-21,35.82073304916402,35.91654659041397,33.09687938614118,33.25428771972656
2006-08-28,33.33643145030204,33.88393956419695,31.481746572290973,32.40566635131836
2006-09-04,32.508315040192,33.124263106295686,32.12505817564707,32.898414611816406
2006-09-11,32.850503223044015,34.992630518382576,32.6315000770816,34.09608459472656
2006-09-18,34.15084632585547,35.82758914589008,33.6170237225145,34.14400100708008
2006-09-25,34.75993524382996,35.560664912167205,33.92498421676531,34.000267028808594
2006-10-02,33.92499813628197,34.739416160123426,32.77522997866803,33.8634033203125
2006-10-09,33.9728889307534,37.19634335718733,33.63754156558764,36.4093017578125
2006-10-16,36.27926582275539,36.717274634546676,34.95155919942645,35.375877380371094
2006-10-23,35.197927755945464,36.85413853204155,35.197927755945464,36.27925491333008
2006-10-30,36.07395009021712,36.90890102761171,35.17740697946343,35.464847564697266
2006-11-06,35.574354971885974,36.4435247967574,35.355351839242196,36.2039909362793
2006-11-13,36.27926065737689,36.69673607418168,35.62225144931813,36.546173095703125
2006-11-20,36.73993417187539,37.576960599080635,36.5203866855941,36.71249008178711
2006-11-27,36.952616471599036,37.31624145117264,35.491251605980544,35.81371307373047
2006-12-04,35.751971668767595,37.52893599409581,35.751971668767595,36.83598709106445
2006-12-11,36.87718641331624,37.81712512954245,36.163655108536304,36.86346435546875
2006-12-18,37.014364356546636,37.17902363826551,35.642191461899586,35.81371307373047
2006-12-25,36.026403959038646,36.7399346065,35.813718801369646,36.27339553833008
2007-01-01,36.602720426432256,37.21333972163424,35.97152198718451,36.64388656616211
2007-01-08,36.479228121719835,38.462020858120624,36.44492431059597,38.38655090332031
2007-01-15,38.35225151330716,39.278467606487474,38.21503363578069,38.94914627075195
2007-01-22,38.8462222607641,39.23043169600917,37.83081441462998,37.981754302978516
2007-01-29,37.72791665408595,39.024620368806005,37.501506739597765,38.4277229309082
2007-02-05,38.42086087455513,39.41568725992826,38.201313307506176,38.40713882446289
2007-02-12,38.88740240908468,39.861644468340586,38.17387146536245,39.655818939208984
2007-02-19,39.86503255912621,40.36704144142041,39.38365335232315,39.52119064331055
2007-02-26,39.83063591500084,39.93378951225321,37.664433982445665,38.33836364746094
2007-03-05,38.01515418755026,38.87475881460814,36.79107803807747,37.36873245239258
2007-03-12,37.2587119135761,37.389370903178374,35.42947294261551,36.43349075317383
2007-03-19,36.516014295324965,37.83636875665162,36.24781799218362,37.52003479003906
2007-03-26,37.43749621743722,37.499387849639156,36.467862395143555,37.02488708496094
2007-04-02,36.68790912012031,37.90510907877644,36.68790912012031,37.74006652832031
2007-04-09,37.82260763154983,37.88449927624276,36.963002912650964,37.24495315551758
2007-04-16,37.361856537099136,38.55842470146568,37.134919657781786,37.90512466430664
2007-04-23,37.89136911206785,38.04266035870342,36.90110557311099,37.45125198364258
2007-04-30,37.48266386669321,37.70331215337215,36.54490733314015,37.08963394165039
2007-05-07,37.199949665751014,38.758278166525926,37.08272881041923,37.90326690673828
2007-05-14,37.93085990929479,38.89619827270508,37.26891495570024,38.89619827270508
2007-05-21,38.89618014720866,39.206467521593,38.22733876579512,38.889286041259766
2007-05-28,38.82033252159904,39.613288866891104,38.26181786809273,38.813438415527344
2007-06-04,38.58590841192247,39.089262520898714,37.82053345500815,38.620384216308594
2007-06-11,38.42041685930059,38.90998003585389,37.99980527960402,38.675540924072266
2007-06-18,38.55143231665836,39.702943112880654,38.4135264698191,39.42023468017578
2007-06-25,39.440922201767336,40.74412706005833,39.103053009086025,40.351097106933594
2007-07-02,41.026836433116415,42.523108028704335,40.97856977715135,42.36451721191406
2007-07-09,42.49553160116859,43.4884491102778,41.31643893557783,43.4263916015625
2007-07-16,43.164357331356186,43.31605400124812,42.047325151216484,42.233497619628906
2007-07-23,42.50241284639915,42.778224497282295,40.226975932785166,40.38556671142578
2007-07-30,40.483176386209706,42.69499465489806,40.4417038543502,41.81026840209961
2007-08-06,42.17658913389388,45.32151615686011,41.844816873561435,43.71794891357422
2007-08-13,43.54514436476009,43.91147568789706,39.563875182983274,40.34492111206055
2007-08-20,40.358731232732225,42.667314378555595,39.6260688415382,42.632755279541016
2007-08-27,42.63277287252279,42.98528004664271,40.662874412194064,42.681156158447266
2007-09-03,42.82631526642383,42.97837856171189,38.769013320248256,39.39799880981445
2007-09-10,39.460204778993585,41.67893346834587,39.05240084172734,41.44392776489258
2007-09-17,41.18818573760421,43.36544446540105,40.84258928155339,41.969234466552734
2007-09-24,41.907021595163876,42.86777919722658,40.20668524676334,42.41850280761719
2007-10-01,42.52218213993435,44.23633999847219,42.27335230557233,43.73176956176758
2007-10-08,43.95986785886164,48.76366172963839,43.33088241855384,47.00111770629883
2007-10-15,46.86287462878363,46.931992855109215,45.15562754429029,45.4113655090332
2007-10-22,45.162548289881514,46.65552770775402,44.24326560355992,45.29387664794922
2007-10-29,45.1348856185763,47.71994485143974,43.6488202523405,45.32841873168945
2007-11-05,45.017389702891364,47.00111513724905,44.87915323831152,45.12798309326172
2007-11-12,45.045025385301365,47.063306731638,45.045025385301365,46.17167282104492
2007-11-19,46.068014465527625,46.83523911674636,44.96210672114426,46.2891960144043
2007-11-26,46.57256082759917,47.2291970368896,45.17635393585751,46.586387634277344
2007-12-03,46.68905048098816,50.34658941222238,46.17644221933859,49.757781982421875
2007-12-10,50.18726522092725,50.263464393304325,45.09580437438437,47.44411087036133
2007-12-17,47.374825756996245,48.54551696777344,46.75830921386538,48.54551696777344
2007-12-24,48.76027371442194,49.1828308530015,48.1783948721175,48.642513275146484
2007-12-31,48.642490000296895,48.80181162778829,45.28974376721006,45.47677993774414
2008-01-07,45.47678769110048,48.80181994803076,44.8879803910713,46.01710510253906
2008-01-14,46.39811149703786,46.39811149703786,44.07058309855177,44.70095443725586
2008-01-21,43.4540518687285,47.79737925748717,43.211602451234185,45.34516525268555
2008-01-28,45.289750622083055,48.1991597368537,45.026520558342476,46.959197998046875
2008-02-04,47.09776410657551,47.26401976853291,43.60647712303509,43.80736541748047
2008-02-11,43.828117778268556,45.71230247566856,43.62722961342615,44.27838134765625
2008-02-18,44.8990130414222,45.89183203275096,43.37854327668791,45.83628845214844
2008-02-25,45.8362843165067,46.64165027179592,42.795345061411034,42.989742279052734
2008-03-03,42.98281030113772,43.878430795033154,41.61507990263681,41.865020751953125
2008-03-10,41.98306150834016,44.24641039683259,41.63592192953388,42.25382995605469
2008-03-17,41.93443888655489,44.2949851221851,41.420671429970994,44.031158447265625
2008-03-24,44.072816891404855,47.176241254993165,44.072816891404855,44.69072723388672
2008-03-31,45.07256597820843,46.5513828038749,44.253319657024946,46.13481140136719
2008-04-07,46.169534124994335,46.794386022161454,45.40582860486839,45.61410903930664
2008-04-14,45.718268791078025,48.51621217283859,45.10730520870248,48.20378875732422
2008-04-21,47.926060069697705,49.772844041162934,46.76661585737704,49.668701171875
2008-04-28,49.439594227017444,50.633754647110464,48.773087194229326,50.08527374267578
2008-05-05,50.17551713723013,51.432165131513585,48.94664622229646,49.59926986694336
2008-05-12,49.77284419231825,52.23059154911623,49.661757052226726,50.86980056762695
2008-05-19,51.07747378991416,51.31403765275236,47.939488441676545,49.62328338623047
2008-05-26,49.769397297114175,52.00982121414562,49.17102300964339,49.62328338623047
2008-06-02,49.713729173422095,51.18879211102916,48.196920924318974,49.53282928466797
2008-06-09,49.55371183264642,50.42344138514749,46.714913299265014,48.92750549316406
2008-06-16,48.59353549164793,49.45631118038626,47.43853720468553,47.82122039794922
2008-06-23,48.05777325980581,50.04771478959391,47.20891641457217,48.88575744628906
2008-06-30,48.7048324390475,51.44622042073507,48.15516297879817,50.256431579589844
2008-07-07,50.66697020248289,52.10724228839807,47.86296266441103,48.586578369140625
2008-07-14,49.17100598980393,51.66887087097735,47.11148799796143,50.256431579589844
2008-07-21,50.193812753859255,50.85480484341073,42.75588935563648,42.971580505371094
2008-07-28,42.86027250362579,44.356208438122515,41.9140089531439,43.27774429321289
2008-08-04,43.26382484991728,46.805360857772364,42.85331241605255,46.61054229736328
2008-08-11,46.69832550528073,48.107299685075894,46.05661712714766,47.43071365356445
2008-08-18,47.50044596751221,47.772474533597986,45.50556626849604,47.03311538696289
2008-08-25,47.04707594171501,47.381883286528705,45.756682722411824,46.775047302246094
2008-09-01,47.53533502254514,48.43512408088723,46.32166841152696,47.737613677978516
2008-09-08,48.435118074478055,49.453482497848185,47.72365457165337,48.511844635009766
2008-09-15,47.89107200413356,49.523243969326344,45.094053495541154,46.09846496582031
2008-09-22,46.41932648182358,46.50302433705312,44.19426625620215,46.237972259521484
2008-09-29,46.00080500892206,46.384437826344005,42.77831062890406,43.664146423339844
2008-10-06,42.35283903284911,43.24565163449511,35.57303602192339,37.59581756591797
2008-10-13,39.13032647659421,42.91083365827547,36.58441549687744,40.441646575927734
2008-10-20,41.36934204739464,41.36934204739464,33.94085535496696,35.52420425415039
2008-10-27,34.89645231505665,41.48792761082719,34.58954862786339,39.76507568359375
2008-11-03,39.430260880381375,39.63951612275108,36.81459695866938,37.714385986328125
2008-11-10,38.105006370628494,38.46771221665453,31.590256995605067,33.522361755371094
2008-11-17,33.12151021239878,34.27593653714995,30.700716071252444,32.680728912353516
2008-11-24,32.79267115197335,36.157996453219944,32.49881874846316,36.011070251464844
2008-12-01,35.493326655000885,39.10352893721205,33.41536047239917,38.88663864135742
2008-12-08,38.753698032586165,39.36939212967736,35.47233329968294,37.361392974853516
2008-12-15,37.28443248824365,38.48083602220198,36.06004225117359,37.63425827026367
2008-12-22,37.98408763461922,38.02606502428687,35.857146038792365,36.011070251464844
2008-12-29,35.927116328994956,37.43136866050566,35.26244930103218,37.326419830322266
2009-01-05,37.20749626141592,37.51534220282915,34.21998168532023,34.38090133666992
2009-01-12,34.695727025865764,35.2344591414164,33.05854198281557,34.143001556396484
2009-01-19,34.401867953809635,34.42985465841098,32.33089985457267,32.86263656616211
2009-01-26,33.21946100006594,33.94709937804571,31.337398966962954,31.505313873291016
2009-02-02,31.330398069953876,32.30991138616701,29.26642796693754,31.631248474121094
2009-02-09,31.330395445355514,31.90410950083225,29.819148209399437,29.917098999023438
2009-02-16,29.59801944947434,30.524932266232362,29.296070293243382,30.026363372802734
2009-02-23,30.054465682789793,30.356414973581003,28.81858226925728,29.7314510345459
2009-03-02,29.28905108530621,30.096590144979466,26.80323785268235,27.372026443481445
2009-03-09,26.992829907088034,29.773571023311654,26.810257307712398,29.633129119873047
2009-03-16,29.58397743477593,32.04872247412338,29.49268978777588,31.479936599731445
2009-03-23,31.936375661543835,34.65391613960972,31.77486836478098,33.28461456298828
2009-03-30,32.69475500293363,34.38707356487952,31.61335570842367,34.344940185546875
2009-04-06,33.81827381153153,34.3098190263233,31.97849304855131,32.933494567871094
2009-04-13,32.94754717908639,33.16523228715717,31.634420997553566,32.140010833740234
2009-04-20,31.845089827917676,34.14833085892128,30.91817670181275,33.825313568115234
2009-04-27,33.65678159038246,34.38707751036645,32.7790228438749,33.488250732421875
2009-05-04,33.565488142547885,33.895526231507986,31.964457322192185,32.72283935546875
2009-05-11,32.090864357101474,33.17928480436016,31.325458526424022,31.42376708984375
2009-05-18,31.8690670963133,34.970680604203764,31.76333192226454,34.047245025634766
2009-05-25,33.65953019393395,35.18918713400508,32.80658777051113,34.20231246948242
2009-06-01,34.681660267445146,35.34427637553153,32.60216996942797,33.58199691772461
2009-06-08,33.412812034684556,33.80756082293005,32.39773757571171,33.15199279785156
2009-06-15,32.95462979815445,33.27184067626262,32.284962986376186,32.50348663330078
2009-06-22,32.29198957278076,32.8488674897809,31.565929061361775,32.714935302734375
2009-06-29,32.94052603846493,32.98986964626783,31.43201531071927,31.467260360717773
2009-07-06,31.417899716049007,32.77837888264407,31.35445758484424,31.699865341186523
2009-07-13,31.66462920385243,33.546744658702146,31.27692834423922,33.46920394897461
2009-07-20,33.48330225593567,34.70984966911333,33.151992931020686,34.63230895996094
2009-07-27,34.53363122596968,35.19624736835602,33.85691383548288,34.89313507080078
2009-08-03,35.069344992855626,35.414752790026085,34.011977807141385,35.316062927246094
2009-08-10,35.13279235058644,35.21738098508268,33.969687197910304,34.279850006103516
2009-08-17,34.031478381109224,34.54089016393732,33.32396321560628,34.356937408447266
2009-08-24,34.512584321352854,36.7907837150671,33.967797392466586,36.628055572509766
2009-08-31,36.33087942019788,39.2882911354147,35.340360441718715,39.24584197998047
2009-09-07,40.22930679284214,40.384960969899154,39.72697174737456,40.193931579589844
2009-09-14,39.77649007078996,41.19859388691951,39.73403820353413,40.71748352050781
2009-09-21,40.759935356946016,41.64432901527602,39.620835893184136,39.818939208984375
2009-09-28,39.9745899082311,40.639652910301756,39.19632463561746,39.953365325927734
2009-10-05,40.03827280989583,42.66315273688037,39.83309281802986,41.488677978515625
2009-10-12,41.3047378413299,41.77169776208886,40.85900251275572,41.37548828125
2009-10-19,41.61603633153514,41.99101845614111,40.724568528089826,40.90144729614258
2009-10-26,40.94125962821918,41.41674456177286,40.25287487205108,40.345130920410156
2009-11-02,40.345140542811585,42.33933409380222,40.28126949791287,42.16191482543945
2009-11-09,41.842548080236526,43.07028875440275,41.842548080236526,42.914161682128906
2009-11-16,43.14125559999045,43.467706295501586,42.34641559282991,42.623191833496094
2009-11-23,42.65157917280987,43.28319386661973,42.01287160861017,42.60190200805664
2009-11-30,42.68706346816691,43.39674031580259,41.63673935132806,42.00577163696289
2009-12-07,41.963200069776455,42.39610345540943,41.16126433421378,42.09803771972656
2009-12-14,42.275458186902135,42.381910818558204,40.820620895085526,41.466426849365234
2009-12-21,41.71479700716594,43.0064084294077,41.61544269887071,42.86447525024414
2009-12-28,42.86449372232687,43.1128796001047,41.94900970331197,41.9915885925293
2010-01-04,41.96319501941973,42.89287000729785,41.757388072789276,42.069644927978516
2010-01-11,42.01996390518734,42.2896418550781,41.466416851329335,41.721900939941406
2010-01-18,41.99157128760835,42.069636161939926,40.47996178486794,40.501251220703125
2010-01-25,40.69996131481882,41.544478396220825,40.274156339484804,40.756736755371094
2010-02-01,41.01930730917779,41.83543648943225,40.70705057694899,41.57285690307617
2010-02-08,41.35287246442044,42.42448337091275,41.25351813355125,42.069644927978516
2010-02-15,42.44095569669985,43.67958930070851,42.213161447885646,43.522979736328125
2010-02-22,43.708038240870614,43.793460354442914,42.860926336585216,43.401939392089844
2010-03-01,43.42329736445157,44.22057681801059,42.45517095594122,43.19550323486328
2010-03-08,43.09585536583385,43.423309176753186,42.54060464783914,42.83246612548828
2010-03-15,42.76126025621311,43.7792162330192,42.74702278686035,43.223968505859375
2010-03-22,43.0958546982255,43.48737578917443,42.64738370250972,42.803993225097656
2010-03-29,42.81110763549805,43.06737675812891,42.48365385236783,42.81110763549805
2010-04-05,42.946366998121995,44.106692841427126,42.71145270479552,43.57279968261719
2010-04-12,43.345000139429175,43.57279430851782,41.92840532012921,42.13484191894531
2010-04-19,42.206023089114886,43.05313236115642,41.72195987208535,42.85381317138672
2010-04-26,42.853809403274056,42.924994046069635,41.81449841154624,42.0565299987793
2010-05-03,42.020951555948564,43.302297356433364,39.15216641318555,40.79655838012695
2010-05-10,41.87243917191346,42.136733231654055,40.786698334849554,41.24385452270508
2010-05-17,41.30099981050271,42.1367357489281,39.85096557249551,41.029563903808594
2010-05-24,40.8438389874668,42.32958756425831,39.56523617545179,41.6081428527832
2010-05-31,41.55812918260416,42.25814546588918,40.00809098580644,40.122379302978516
2010-06-07,40.00808303252647,41.47240538156193,39.67950452658153,41.0866813659668
2010-06-14,41.172422116362625,42.27244932706839,40.929559001334724,41.57957458496094
2010-06-21,41.78671519478984,41.92957630452816,39.90809800512618,40.315250396728516
2010-06-28,40.422395992131555,40.85812114075475,38.400917738643365,38.73664093017578
2010-07-05,39.06522620943489,40.20811253084317,38.15091933218782,40.136680603027344
2010-07-12,40.0366887529307,40.53670147468093,39.25095642221614,39.27238464355469
2010-07-19,39.37951242580634,40.000955072003,38.20805632038778,39.965240478515625
2010-07-26,39.85097156001889,41.001000014613815,39.608108391192324,40.50812911987305
2010-08-02,40.758137631577156,41.15100380861635,39.82954138149334,40.38669967651367
2010-08-09,40.54080082567614,41.21469034409943,39.47261855439901,39.6518440246582
2010-08-16,39.529960104163735,40.35439816983145,39.05680508193403,39.45827102661133
2010-08-23,39.666185292845064,41.150172076394114,38.74854895833482,40.282718658447266
2010-08-30,40.297048725782666,42.3330499069618,39.9601067460764,41.98893737792969
2010-09-06,41.75952235941777,42.863551589726576,41.72367782280003,42.684326171875
2010-09-13,42.88505748341566,44.08945250225838,42.59112790945778,43.93890380859375
2010-09-20,44.0966340164889,46.10395875998321,43.63064942920761,45.91756820678711
2010-09-27,45.75267264358701,46.77784243606263,45.616462286142394,46.634464263916016
2010-10-04,46.64162295712248,46.9283847316755,45.02859686324135,46.0896110534668
2010-10-11,45.44439691603217,46.232987667669754,45.100284438875974,45.6666374206543
2010-10-18,45.465914375531845,45.953407856185976,44.376225961466375,45.90322494506836
2010-10-25,45.96773882407915,46.43372055194849,44.80635610481308,44.99991989135742
2010-11-01,45.346653229831595,47.49711430692469,45.10211922183702,47.03681564331055
2010-11-08,46.648413199536,47.252552821603246,45.96515652805208,46.8929443359375
2010-11-15,47.07275849005887,48.53996207896135,46.439849397414946,47.871089935302734
2010-11-22,47.66249348435518,48.90674092519743,47.59776660815763,48.34575271606445
2010-11-29,48.11562767388046,49.81298056009648,47.70567412433116,49.187259674072266
2010-12-06,49.14411899699061,51.265807818595256,49.14411899699061,51.244232177734375
2010-12-13,51.15790515329546,52.100083189921335,50.72637603454895,51.668548583984375
2010-12-20,51.70451292466373,52.33742194885785,51.6110166842049,51.95623779296875
2010-12-27,51.697326519338205,52.61792907617565,51.582254629228125,51.934669494628906
2011-01-03,52.32304166459239,52.826491417004256,50.35238843590638,50.812686920166016
2011-01-10,50.546576066085095,52.15762080677238,50.359578086793874,52.15043258666992
2011-01-17,52.17201217667899,52.474082059610396,51.6325993197909,52.33742904663086
2011-01-24,52.402156090290404,53.00629579444466,51.5750553634395,51.73328399658203
2011-01-31,51.95623212993555,53.524125336585946,50.7335654816112,53.3155517578125
2011-02-07,53.193298801470675,53.98443655484268,52.948767608708415,53.970054626464844
2011-02-14,54.125579922975035,54.43569337984784,53.41159432316791,54.39963150024414
2011-02-21,54.16885107090556,54.38521134915653,52.14229884052128,53.05821228027344
2011-02-28,53.31785945288456,54.37080177218553,51.10379464058431,52.5101203918457
2011-03-07,52.63991510599797,53.54862050983072,51.94756996573924,52.322593688964844
2011-03-14,52.106232578506315,52.26489603557915,50.15179877112816,50.959537506103516
2011-03-21,51.28406715521256,52.192772451451134,50.75038553779536,51.53648376464844
2011-03-28,51.55813002680869,53.606322755824664,51.04608322012235,53.54862594604492
2011-04-04,53.81546247431445,56.58484295162519,53.325050660340274,55.10639953613281
2011-04-11,54.92608526970014,55.55351992953639,54.56548861378751,55.510250091552734
2011-04-18,54.810729789722984,56.94546281599743,54.810729789722984,56.880558013916016
2011-04-25,56.71468190668753,58.77729668450977,56.50553503735342,58.33736801147461
2011-05-02,58.568143578818315,58.618626921056425,57.24114972440412,58.02003479003906
2011-05-09,58.03445684422189,60.28457762508273,57.9334901682741,59.657142639160156
2011-05-16,59.70880055486402,60.72142264151375,59.347148232952975,60.3236083984375
2011-05-23,59.759416851441976,60.23679492851951,57.242314886566824,58.971012115478516
2011-05-30,59.2675621813519,59.679845453865866,56.244149676791274,56.280311584472656
2011-06-06,56.09226437925447,57.647364589565186,55.91866733160449,56.634742736816406
2011-06-13,56.54795505238009,58.341752926647274,56.22969925572552,57.596744537353516
2011-06-20,57.654617849253846,58.905937427318705,57.23509979248047,57.23509979248047
2011-06-27,57.10488340974443,59.09397062249946,57.083185159454366,58.97824478149414
2011-07-04,59.086767460821946,60.359779861970175,58.5225906323894,58.88424301147461
2011-07-11,58.35622457422845,59.137394990133394,57.43039542280497,57.76311492919922
2011-07-18,57.52443188693058,59.397794254462255,57.003651529649524,59.072303771972656
2011-07-25,58.732329518918824,59.01441786283353,55.831882134731565,56.59858322143555
2011-08-01,57.372516681197816,57.39421493475615,54.08871336222551,55.50638961791992
2011-08-08,54.85542693077731,55.486701706676186,50.951696081845135,52.816490173339844
2011-08-15,53.092236566902905,56.16153196836743,52.57706039772944,53.95570373535156
2011-08-22,55.12392622311046,56.9742060345226,53.498581021079495,56.0236701965332
2011-08-29,56.49529349670399,58.708378729482575,56.03090930620229,57.003211975097656
2011-09-05,55.893036582608985,59.11470635824309,55.573770414315,57.24991226196289
2011-09-12,56.61866585398061,61.647082844688484,56.611408291275005,61.12464904785156
2011-09-19,60.616720923419756,62.648400828186205,59.30338460933126,60.493370056152344
2011-09-26,60.80536285584066,62.35814847230994,59.49202134965234,59.593605041503906
2011-10-03,59.296120383578305,60.384521989632546,56.89438261103895,57.33699417114258
2011-10-10,58.04808226198821,60.08701937995366,57.93924100056768,59.332393646240234
2011-10-17,59.18730329304047,61.930075574940616,59.165536137771284,61.893798828125
2011-10-24,61.55274997900853,62.50328576183006,59.57911386599778,61.625308990478516
2011-10-31,61.34959392203306,61.89379491293496,59.49205077534344,60.812644958496094
2011-11-07,60.72557106313805,61.69787409178108,59.8258215172286,60.253929138183594
2011-11-14,60.207940951325384,61.65602091650145,59.08004591538246,59.46571350097656
2011-11-21,59.10186644327832,59.74949786744768,58.432405619689874,58.810794830322266
2011-11-28,60.222523309870326,64.53036790292434,59.48028999076853,63.11140060424805
2011-12-05,63.88270217802487,64.32658515915159,61.1248083721683,61.39405059814453
2011-12-12,61.19756064806487,61.64144352588482,59.90229804133579,60.0842170715332
2011-12-19,60.25161245002832,61.63419326752945,59.560316489547006,61.6050910949707
2011-12-26,61.488609200379564,61.67052816251086,60.600843776902636,60.62995147705078
2012-01-02,61.328558436921014,61.91070170483829,59.02910418728003,59.036376953125
2012-01-09,58.46151758548104,58.941786660134845,57.348173614621984,58.65799331665039
2012-01-16,59.11643360569237,59.49482847097982,58.643442799948446,59.240142822265625
2012-01-23,59.160091931039624,60.45535499952071,59.050939363663424,59.392948150634766
2012-01-30,59.08731977425515,62.711150585672065,58.94178671909761,62.11445617675781
2012-02-06,61.61233719443424,61.99800465881189,60.89193937320564,61.270328521728516
2012-02-13,61.700139087798576,61.74392214606643,60.598219058638314,61.64175796508789
2012-02-20,61.736649358173544,62.02125049295953,61.04339132575285,61.590702056884766
2012-02-27,61.42284477511506,63.63397877461901,61.306088072063304,62.92612838745117
2012-03-05,62.75828652707282,65.32699533986231,62.6342307852618,65.19564056396484
2012-03-12,65.15183492165993,66.84484835358371,64.99128963257176,65.99834442138672
2012-03-19,66.22456397209942,66.47267536856131,65.37076101246792,65.87428283691406
2012-03-26,66.13699372423673,66.97620420647084,65.18832560445331,66.26105499267578
2012-04-02,66.36321471624288,67.20971860586664,63.779908860228595,64.69209289550781
2012-04-09,63.98426310802127,64.31994630085778,62.78017858027246,62.99180603027344
2012-04-16,63.23992660670888,64.57536041830807,62.97721703810823,63.911293029785156
2012-04-23,63.64856115381548,65.10805577117414,62.91881384513616,64.7212905883789
2012-04-30,64.72863534005559,64.94756193313616,60.80259371290429,60.853675842285156
2012-05-07,60.84633299952309,62.06501532459063,59.82469114741453,61.73662567138672
2012-05-14,61.48853905258967,62.218286708579235,60.32094391651293,60.525272369384766
2012-05-21,60.70768077864052,62.22555095907171,60.02901555453003,61.64905548095703
2012-05-28,62.31432872994127,63.73472526388249,62.292364756481085,62.59254837036133
2012-06-04,62.555937000067836,65.30886271131807,62.504685872091216,64.9720687866211
2012-06-11,65.20635652669905,67.09533613423392,63.88114487889422,66.94890594482422
2012-06-18,66.89766126857566,67.84946876339606,66.09960157728848,66.57550811767578
2012-06-25,66.44375194750334,69.63598113808364,65.8287380818106,69.5554428100586
2012-07-02,69.55539719802181,69.9580885740759,68.41322614732778,68.58894348144531
2012-07-09,68.82324074091957,69.53343890614762,68.17161688716376,69.41629028320312
2012-07-16,69.21859344482048,70.6023791238573,68.89644038990735,70.00200653076172
2012-07-23,69.63595617486173,71.57618736963828,68.23752351315488,71.10028076171875
2012-07-30,71.10028494457603,71.2979663176112,69.55542196768059,71.17350006103516
2012-08-06,71.15152553869709,71.16616632543673,69.1966537306151,69.77506256103516
2012-08-13,69.81438804956606,71.14341486373213,69.63815922845649,70.59271240234375
2012-08-20,70.48994774756494,70.79100125504827,69.30777213405213,70.67351531982422
2012-08-27,70.60007629180757,72.89833985267688,70.19622546706913,71.86302185058594
2012-09-03,71.80425622864983,73.42699208140469,71.27558098933812,73.22139739990234
2012-09-10,73.05251440981492,75.54903331418522,72.94237279893895,75.02770233154297
2012-09-17,74.9689774232251,76.00430097162001,74.52841647579515,75.1598892211914
2012-09-24,75.44626711929125,75.7106048537116,73.24345640047983,73.54450988769531
2012-10-01,73.88958478623621,75.18924576538387,72.50915926456504,74.74134063720703
2012-10-08,74.59449808428569,76.67982811808551,70.6220996863558,71.6280517578125
2012-10-15,72.00984172638408,72.05389612336327,69.3591272021412,69.5940933227539
2012-10-22,69.52067836658281,71.60600231390407,68.90388870194344,71.18013000488281
2012-10-29,71.87765778497536,72.54584587585289,70.51926001140602,70.5780029296875
2012-11-05,70.31368989653114,73.13328373198388,69.33710954748773,70.0934066772461
2012-11-12,70.06402732972411,70.95249317074551,68.66157483754463,70.26228332519531
2012-11-19,71.19380123559081,72.11428376831299,70.22913733911543,72.10691833496094
2012-11-26,71.69457587055794,76.95237398834536,70.52371864631412,76.5252685546875
2012-12-03,77.18801972905047,78.03486518532232,72.22477712652173,72.57823944091797
2012-12-10,77.98073468299111,78.5720951492186,76.36434700238406,76.41954040527344
2012-12-17,76.49048715129538,79.02150857506284,76.48260066272746,78.44591522216797
2012-12-24,78.15418031060932,78.80073400540476,76.43529277825635,76.45894622802734
2012-12-31,76.36432759240091,81.2292503476011,76.09624713668636,80.55116271972656
2013-01-07,79.70749205768182,80.25943202536986,78.90324458244866,79.0688247680664
2013-01-14,79.11611873078067,80.34615221870206,78.61149176698706,79.7942123413086
2013-01-21,79.97555253842488,81.63135987148583,79.77054598766436,80.7088394165039
2013-01-28,80.9138576264374,82.27792529595521,80.42499763206746,82.12023162841797
2013-02-04,82.08866799663339,82.08866799663339,79.58918739232135,81.0478744506836
2013-02-11,81.32745315084624,81.5330008373401,79.80952588881917,80.77404022216797
2013-02-18,80.91633172335405,81.1376944438767,79.24029624986444,79.97554016113281
2013-02-25,80.35503618324384,80.93216572390244,78.22836120478819,80.18110656738281
2013-03-04,80.05459065043124,82.2049815224274,79.97553340430693,81.46183013916016
2013-03-11,81.86503306596771,83.4224795723827,80.25223985029994,80.44197845458984
2013-03-18,80.1178504627639,83.10626569015419,79.85696209629864,83.09835815429688
2013-03-25,83.16161002616923,84.63999961716684,82.66353778391199,83.88894653320312
2013-04-01,83.80198967104042,85.18551308542081,82.57658080563014,83.64387512207031
2013-04-08,84.15771855204594,84.81390514197648,83.16158641373333,83.90473175048828
2013-04-15,83.36716869978653,83.97592240239038,81.5883528154524,82.57658386230469
2013-04-22,82.56074994817409,86.7666597752851,82.43425351707575,86.38717651367188
2013-04-29,86.41089433095055,87.28844367011168,85.13014517960367,86.76665496826172
2013-05-06,86.73502767850839,87.16194404662012,85.9049175446922,86.95639038085938
2013-05-13,86.71923024575291,89.48627645875912,86.64807449237236,89.37559509277344
2013-05-20,89.63294918152543,90.94898515445992,88.67367279031534,90.68736267089844
2013-05-27,91.25022503111423,91.78139344551208,86.91365814208984,86.91365814208984
2013-06-03,87.14360216426674,88.75296723853738,86.07333531646022,87.6668472290039
2013-06-10,87.94429888269866,88.49132656474936,86.43006528975276,87.99979400634766
2013-06-17,88.59440032643836,89.26034190882605,85.1299012413527,86.13674926757812
2013-06-24,85.19330958201677,89.07005660795629,85.17745642532711,87.65888977050781
2013-07-01,88.43583243723633,89.0383492012079,87.25456957287872,88.6023178100586
2013-07-08,89.06216619268481,92.66143919637511,88.84811521636182,92.3284683227539
2013-07-15,91.96375084479374,93.66032300580787,91.2660969813676,93.60482788085938
2013-07-22,94.19942921783712,94.6513198595194,91.59907562720815,92.4156494140625
2013-07-29,92.34432426809013,94.73855109895044,92.1540500197374,94.63549041748047
2013-08-05,94.69890269680091,95.29349607342004,91.46431932486544,91.67044067382812
2013-08-12,91.87703351055472,92.48112334488972,88.63403865057548,88.94403076171875
2013-08-19,88.94405448541575,90.20786788113092,88.75329145788743,89.87403106689453
2013-08-26,89.81837813138831,89.91376266297512,87.58484341221971,88.92019653320312
2013-09-02,89.66735944381554,91.48757342895107,88.50687486329728,90.89143371582031
2013-09-09,90.74834222341607,94.85772972148385,90.55757925044995,93.02162170410156
2013-09-16,94.0787937470532,94.9610809888736,92.96599842667871,93.74495697021484
2013-09-23,93.06136989135092,93.9277565568297,91.40807456552932,91.9803695678711
2013-09-30,91.43191187702354,91.85318286891999,90.53373044268291,90.96295166015625
2013-10-07,90.46221302997175,92.20294294509765,87.55305436287097,92.12345886230469
2013-10-14,91.41603171684194,94.3490347296606,91.41603171684194,93.5064926147461
2013-10-21,93.32368931376907,94.50006830324638,91.55116453768565,92.55268096923828
2013-10-28,92.36189804227651,95.22337313192378,92.36189804227651,95.0802993774414
2013-11-04,95.38235831434994,99.1499597697776,94.66698941414292,97.59204864501953
2013-11-11,97.56026503801645,99.11023217774817,96.59054331315048,98.79228973388672
2013-11-18,99.3378632499141,99.88769967110139,97.46521301656217,99.77613830566406
2013-11-25,100.1427089996168,100.50130435350697,99.52912142198656,99.95146179199219
2013-12-02,100.13473713701805,100.15864227621732,96.02288296486053,97.26599884033203
2013-12-09,97.87159867494299,97.88753340405798,93.20990917542464,93.95896911621094
2013-12-16,93.96695726967882,94.86742472377121,92.3174357644875,94.45304870605469
2013-12-23,94.90726459648016,95.07460665299072,94.13429932618938,94.45304870605469
2013-12-30,94.78772934376923,95.3933525353448,93.33742549421297,93.46492767333984
2014-01-06,93.62429714273974,94.90725891211797,90.77947019317025,93.91117095947266
2014-01-13,93.28164016079548,93.6561701937627,91.30540511994974,92.66805267333984
2014-01-20,92.1261689727727,92.52460409294571,89.18571584041196,89.35305786132812
2014-01-27,89.69573334793422,91.44885193570974,88.55620839375375,89.53636169433594
2014-02-03,90.01450793817519,91.32934572724209,87.25733621739252,90.87512969970703
2014-02-10,90.87510384105511,92.82743394710882,89.71167375210258,92.51665496826172
2014-02-17,92.92654047688127,93.01443364886826,90.22583409413983,90.44157409667969
2014-02-24,90.65729780053151,93.86138700182222,90.44954977229936,93.32604217529297
2014-03-03,92.86262518998096,93.54179477254247,89.70647486526005,90.68927764892578
2014-03-10,90.45754311983826,92.51902734180837,90.28974874308328,90.64930725097656
2014-03-17,91.20064513884078,91.55221782793748,89.59460437718916,90.95294952392578
2014-03-24,91.08077713905672,91.46431148064971,88.81155108085211,89.21905517578125
2014-03-31,89.4427673604128,89.93017259081687,88.39604155449278,88.41202545166016
2014-04-07,88.4759827898923,91.44036286030766,88.18034153958655,89.5546646118164
2014-04-14,89.88226122462082,91.11275964407332,89.0512750415072,90.68927764892578
2014-04-21,90.69726113237986,92.13550139127123,90.55343649688349,91.89579772949219
2014-04-28,91.9677138801819,93.1742425184471,91.69604849062532,92.0076675415039
2014-05-05,91.93575283698443,92.4231582474976,89.17912087581632,92.19943237304688
2014-05-12,92.51103103007372,93.41393237642177,90.78514173905526,92.37519836425781
2014-05-19,92.24130188850269,93.41145502377329,91.49593966858409,92.12108612060547
2014-05-26,92.16918120391217,93.0427818124221,90.9749909160929,92.98667907714844
2014-06-02,92.84242041558213,94.76595250905478,92.38558207842212,94.75794219970703
2014-06-09,94.74189996208761,95.25484098754639,91.90469147547792,92.40962219238281
2014-06-16,92.42565068706821,93.49160876004365,92.12910416695595,92.45771026611328
2014-06-23,92.32946231068094,93.3793935418901,91.77645144542176,92.5618896484375
2014-06-30,92.66608161769754,93.44350337142176,92.08902150441632,93.25115203857422
2014-07-07,93.23511730134604,95.08651324350458,92.87445170415096,94.58158874511719
2014-07-14,95.02910232090332,95.25419353868192,93.71874636982038,94.6512680053711
2014-07-21,94.4020801019517,95.08539461980901,93.94385684802131,94.49855041503906
2014-07-28,94.41008947739724,96.14651160342005,93.9036281684646,94.76380157470703
2014-08-04,94.49854299231103,96.44398148718457,94.14482467205167,95.7928237915039
2014-08-11,95.98576642494405,96.42790822955959,94.68344478965086,95.31852722167969
2014-08-18,95.66418593404855,98.12412018113298,95.6239884446315,97.50511932373047
2014-08-25,97.90708017822824,98.075898611977,96.93436093618459,97.33631134033203
2014-09-01,97.27198667904493,102.11950701734594,97.1915978340645,102.10343170166016
2014-09-08,102.13559534890021,102.35264585830129,100.50367163277629,100.78504180908203
2014-09-15,100.94581536710007,102.32852561698661,100.8493450706164,101.69344329833984
2014-09-22,101.58895396904555,102.7224509932662,99.98918684038131,100.92171478271484
2014-09-29,100.51170634263069,102.6179284433458,100.04544245164192,102.16773986816406
2014-10-06,102.54555601305879,105.64057815240409,100.286597346107,103.6227798461914
2014-10-13,103.35750217102385,103.58259334929595,98.11606702008235,100.20620727539062
2014-10-20,100.35094050865658,105.78530561835552,100.20623811619261,104.86082458496094
2014-10-27,103.89613814734547,108.12465170900273,103.89613814734547,107.21623992919922
2014-11-03,107.57798164917398,110.86593208185309,107.21621657444476,110.70515441894531
2014-11-10,110.8177238398939,111.68592585960403,109.31442108873485,111.32417297363281
2014-11-17,110.58970490751594,113.50737980138324,110.58970490751594,112.61273193359375
2014-11-24,112.29837850351447,115.2321761338838,111.82284824300054,114.54708099365234
2014-12-01,115.51424215850055,115.65125868550663,113.86196378252534,115.45781707763672
2014-12-08,115.29661133558564,118.33519021054138,111.08935206207879,111.12965393066406
2014-12-15,111.75029184507851,114.85335224618044,110.0577235068109,114.26498413085938
2014-12-22,114.72442287475371,116.84417698534259,114.32949630246763,115.61101531982422
2014-12-29,115.53845652348656,116.16712657031647,113.49123884408988,114.13603210449219
2015-01-05,114.20050189960658,117.7549138052755,112.67718426837808,115.51426696777344
2015-01-12,115.72384852534353,116.39282056147535,111.40374899325177,112.61273193359375
2015-01-19,113.41867283440955,114.70019126029622,111.51653998341088,114.49063873291016
2015-01-26,114.17634759406984,115.90116269958399,111.95987895248618,115.2483139038086
2015-02-02,116.06232851178164,126.41928427403602,112.9431573685177,119.85047149658203
2015-02-09,123.82111289389789,124.20415623228831,122.03083285058058,122.48881530761719
2015-02-16,122.69946513567179,123.35886482049673,121.58098327211438,123.15019226074219
2015-02-23,123.53413349217868,124.70269452526338,121.72285752271738,122.66606140136719
2015-03-02,122.9665568076036,126.6642279923794,121.68112686727939,124.8195571899414
2015-03-09,125.02821877962458,126.02985704308536,122.98323067505142,124.60253143310547
2015-03-16,124.96979250178626,127.83277319561594,123.74279713689951,127.36534881591797
2015-03-23,127.83279640115545,128.73426332694197,124.51073303979577,125.59583282470703
2015-03-30,125.96310132088992,127.70760078468595,124.95312057343018,126.56407928466797
2015-04-06,126.347017599718,127.66582929024692,123.75948631576436,124.90300750732422
2015-04-13,124.73608679549446,125.76275202114952,119.44415477885576,120.67115020751953
2015-04-20,122.4072895922205,123.86799716604823,121.65607364879567,123.63428497314453
2015-04-27,123.78456536811346,123.9598431864746,118.97674142555334,121.3556137084961
2015-05-04,121.6876336274799,123.5038654402831,120.5326055699189,122.0977554321289
2015-05-11,121.81320043099882,122.47441709764779,118.4569390106202,121.21895599365234
2015-05-18,121.14356567506027,121.77966102504914,119.56168605300573,120.25636291503906
2015-05-25,120.59115036026395,122.17302985555402,118.65774350726528,119.34405517578125
2015-06-01,119.72908591584961,119.89647809542427,116.12173144551615,116.15520477294922
2015-06-08,116.26401543671486,117.56969231708379,115.34333929224718,116.15520477294922
2015-06-15,115.45213297293544,118.41501370630002,114.7909167197545,117.4273910522461
2015-06-22,117.87935198083358,118.1555547854963,115.01690396596912,115.55256652832031
2015-06-29,114.67375815163338,115.35171755346114,112.76545920202598,114.15483856201172
2015-07-06,113.11698417166305,120.04712500153605,113.0416596079307,119.452880859375
2015-07-13,120.40702628078003,121.41976998701107,119.62026902938145,121.09333801269531
2015-07-20,121.00963624457798,123.03511068383557,120.54093310441294,121.35279846191406
2015-07-27,121.17704429501593,122.83424854976725,119.61190765281769,121.61227416992188
2015-08-03,122.01404160480271,123.52896216501753,120.683256305397,121.57881164550781
2015-08-10,122.44926101091525,123.01839702530611,119.98019102621458,122.27349090576172
2015-08-17,121.82071739411666,122.93695428014861,116.65079498291016,116.65079498291016
2015-08-24,110.75908835918675,118.12791954502094,98.22032170624995,117.45649719238281
2015-08-31,116.86907724707108,118.9252990251623,115.4003455761025,116.22283172607422
2015-09-07,117.95168421684356,119.47078248398033,116.65081841756897,118.37972259521484
2015-09-14,118.48883081063461,121.7284326166726,117.699923118161,119.017578125
2015-09-21,119.47917465691403,123.28947704838252,118.1782960073936,122.15646362304688
2015-09-28,122.02214297151954,122.45856938287109,119.33646660611586,122.4166030883789
2015-10-05,122.73552479950317,129.4664980182185,122.5424824167336,129.22311401367188
2015-10-12,129.22314276818182,129.65116830851665,125.13587856528947,127.62012481689453
2015-10-19,127.6117378325498,133.27684281828599,127.50262800887705,130.7086639404297
2015-10-26,127.62017162249334,133.78044787785183,126.94874897088829,132.7061767578125
2015-11-02,133.43627969926192,133.70484092493,129.2650837116001,132.22772216796875
2015-11-09,131.6066349474025,132.12698104986563,128.60203064011273,128.9713134765625
2015-11-16,129.422495508123,138.3922913469816,128.94287911973032,137.23951721191406
2015-11-23,137.60135784271483,138.34183278729455,135.4725052164667,137.6434326171875
2015-11-30,138.1399177770515,140.7231581015479,135.1612104192402,140.35292053222656
2015-12-07,140.79881057520666,142.81827081733306,133.13325606471327,134.64785766601562
2015-12-14,134.7067597687969,137.77803791034657,132.61157253660622,132.69570922851562
2015-12-21,133.62980397747486,136.67582907253038,132.38446966604036,136.10365295410156
2015-12-28,135.5145412932724,137.99679820530187,134.96759506015124,135.8931884765625
2016-01-04,134.47112646761173,135.66597507706754,127.73957632572234,127.99201202392578
2016-01-11,128.15195367177952,131.62710947189407,124.74410210868369,126.54479217529297
2016-01-18,127.72279693514868,129.33838093929975,121.93367013804409,129.32154846191406
2016-01-25,129.64128966470741,129.98627196383958,123.45667082258544,127.15901947021484
2016-02-01,126.92343852508768,128.05939331723863,119.30836603848687,121.15955352783203
2016-02-08,120.10771852804378,126.35964114696857,119.16529253806634,125.08064270019531
2016-02-15,126.01038139069867,128.22937022252418,123.87575736613563,125.46195220947266
2016-02-22,126.24656611806493,130.67612202591195,125.28472020732984,126.28874206542969
2016-02-29,126.55035032770773,129.04776976825994,124.34822698949255,127.31813049316406
2016-03-07,126.52509160638223,130.51590993080777,124.11203597142554,128.8453369140625
2016-03-14,128.46560722829759,130.77741914335968,127.95093428960307,129.21652221679688
2016-03-21,128.93818737985228,130.22908686840807,127.27604646662316,127.76539611816406
2016-03-28,128.07750553693063,134.82730806457675,128.06062742582805,133.51953125
2016-04-04,133.88232313574125,134.1438887905738,127.33501950548117,127.95093536376953
2016-04-11,127.6893344145415,129.77333612926682,125.30159119435197,129.2333526611328
2016-04-18,128.90433417305167,129.84930227104647,126.01879555305338,126.49127960205078
2016-04-25,126.54192513678711,129.63839564469734,124.41574651165305,124.98104095458984
2016-05-02,125.88379582571415,129.07405171184712,122.48199766152136,123.92057037353516
2016-05-09,124.25058831960997,126.91617838949027,122.10965095765835,122.27889251708984
2016-05-16,122.27889561615395,124.03903628591827,117.26081287977738,120.74723815917969
2016-05-23,120.87414290784172,130.21642521514457,120.08716397702659,126.1545639038086
2016-05-30,126.56923051315819,129.4717611836177,124.92756036420795,128.38014221191406
2016-06-06,128.4817387804505,131.291185847298,128.3801963901753,131.0542449951172
2016-06-13,130.96109447771238,133.06818840518002,129.95410281719566,131.91732788085938
2016-06-20,133.17821993649588,134.3713813284092,129.55639631804087,131.63809204101562
2016-06-27,130.52104180036793,133.5505124434897,129.0909272292991,132.1034698486328
2016-07-04,132.0781228443041,140.55725751673353,130.88494860859012,139.99874877929688
2016-07-11,139.67717704695878,142.16506779941693,139.67717704695878,140.819580078125
2016-07-18,140.94648895561,142.6389300101438,140.40490833465117,141.716552734375
2016-07-25,141.46270652603835,142.8589783658085,140.26107473539844,141.50502014160156
2016-08-01,141.4457699292593,142.4443169643929,139.27944723159553,141.91119384765625
2016-08-08,141.53042128666152,143.5105747545892,140.87037013068561,143.04515075683594
2016-08-15,143.42964966919658,143.62481292345242,141.63084365265874,142.56419372558594
2016-08-22,142.83567795059602,143.13265644750743,138.70351049596837,139.09381103515625
2016-08-29,139.55202741710488,139.86596654493803,131.9749574172826,134.0452880859375
2016-09-05,134.1725432121756,134.18950379345583,127.86821746826172,127.86821746826172
2016-09-12,127.69851313197275,129.79429707428469,127.33366645187371,129.2682342529297
2016-09-19,129.08155138506572,130.90581049713506,128.33487162529465,129.4209442138672
2016-09-26,129.03912978060072,131.389464712895,124.89846976073332,129.4039764404297
2016-10-03,129.15797987244503,129.1834337004673,126.24763371410255,127.26583862304688
2016-10-10,127.57127497127874,128.53855910629767,126.66337877548337,127.40156555175781
2016-10-17,127.34222125930712,128.3943604647091,125.9252351603073,126.400390625
2016-10-24,126.72279018606588,129.24282250051158,126.67186958777407,127.07066345214844
2016-10-31,126.33245230715707,126.72276580355593,120.5796557732103,120.6899642944336
2016-11-07,122.0316705655254,127.66599219877045,121.49546924249655,127.12128448486328
2016-11-14,128.4490681029818,129.83637668196943,127.24049770991313,127.97245025634766
2016-11-21,128.13410935544343,130.57678129659817,127.76812674106249,129.26608276367188
2016-11-28,128.55972436449878,130.11725184701265,127.7256430797229,129.4448699951172
2016-12-05,129.44488780956158,136.94313998284122,128.02354037826152,135.92181396484375
2016-12-12,134.9855304153587,137.91332661080492,134.6876378698765,136.52603149414062
2016-12-19,137.88778873515258,140.39004445558194,137.47926116452862,137.94737243652344
2016-12-26,137.9303772341922,138.6027589339384,135.89623233495814,136.27072143554688
2017-01-02,136.73033438101336,139.02833367093604,134.90896592014474,138.58575439453125
2017-01-09,138.16021423875443,138.28787510636383,136.47502585199325,137.76019287109375
2017-01-16,137.75160710740514,140.2623689563877,137.59840116768285,139.78575134277344
2017-01-23,139.62409689981604,140.21986916383793,136.7814028208678,137.93038940429688
2017-01-30,137.90481712383237,143.73490319504918,136.6877407803915,143.25828552246094
2017-02-06,143.13908672001386,146.6201222184017,141.73476617225597,146.39031982421875
2017-02-13,147.20281507636687,150.62494077089247,145.7434968894316,150.07876586914062
2017-02-20,150.6676733067024,151.6576197795214,149.40464578522,151.52960205078125
2017-02-27,151.3332504847767,152.51094530485483,144.99248896525984,145.29971313476562
2017-03-06,144.57438865470158,145.35951450301926,140.7938227198032,141.12664794921875
2017-03-13,140.68292885859725,143.6698274498894,140.04287916046323,143.208984375
2017-03-20,143.16622626909793,144.05376861256178,141.37409599797476,141.6813201904297
2017-03-27,141.26319117258518,143.5246942062702,140.9388952576264,143.10653686523438
2017-04-03,143.1492283283088,146.87857975514754,141.75818305881586,145.6070098876953
2017-04-10,145.2485446023538,146.41771038830402,144.0537909033959,144.08792114257812
2017-04-17,144.02815678763116,146.68222827058383,143.97695492973426,145.73495483398438
2017-04-24,146.78465535912952,152.1354717325798,146.21287948517667,151.49542236328125
2017-05-01,152.33178594645182,156.3256887056567,151.33331025665058,153.78256225585938
2017-05-08,149.05473650362762,149.08886674868347,145.16323747521653,145.82888793945312
2017-05-15,151.646726518386,153.54341441159238,150.54254113651024,152.83995056152344
2017-05-22,153.37426512118702,160.58705020988458,152.83107891384648,158.37869262695312
2017-05-29,158.21834766708088,161.39732494803985,158.0580699491149,161.1479949951172
2017-06-05,161.26377298538426,162.70632691145224,160.2130135968245,160.6226348876953
2017-06-12,159.91025990314532,162.0295782877133,146.92723362839502,148.80612182617188
2017-06-19,148.75274067127592,149.0465968574426,139.41172278286905,139.91929626464844
2017-06-26,140.82751980264985,143.85511939242198,140.51586413070126,142.4125518798828
2017-07-03,142.66191829356865,143.6770515122521,137.21224359395583,137.2300567626953
2017-07-10,136.69583332465558,137.37259817362025,134.39842264850932,136.24169921875
2017-07-17,136.2416325159475,136.63344069194872,133.57022795681127,133.9620361328125
2017-07-24,133.97096229887032,136.86498447436506,133.66820631688802,136.14370727539062
2017-07-31,136.31288148011643,144.56752597056217,136.26835535007737,139.3048553466797
2017-08-07,139.35825651014093,141.97623487672197,138.3253102615982,139.4918212890625
2017-08-14,140.32890508864824,142.43041095421788,139.3939105965043,139.87477111816406
2017-08-21,140.42023246305146,143.52003760644686,134.0508900904001,136.1859130859375
2017-08-28,135.69463001889852,141.63518675494458,135.06931184429206,141.35826110839844
2017-09-04,141.10806781417412,142.87682800357737,138.49064732319917,140.52740478515625
2017-09-11,141.04559766556469,146.4590879487229,140.30414409170206,144.98512268066406
2017-09-18,144.87790549769863,146.02136191168597,142.8858156909088,144.08285522460938
2017-09-25,143.6719081550269,147.68289894956206,143.3949825798264,146.7627716064453
2017-10-02,147.32559481695458,149.44274825031346,139.83960635202254,140.3309326171875
2017-10-09,140.25948204247803,143.00196756713544,137.66887216999928,142.7965087890625
2017-10-16,142.3766239512837,143.8327188981669,140.2505287710786,143.6183319091797
2017-10-23,143.68976257939622,146.1017110141904,143.44856364664412,145.05653381347656
2017-10-30,144.70817487100376,149.24621899956145,142.45701611695122,148.6834259033203
2017-11-06,148.11169047237547,153.09639185249827,147.0397147588988,153.07852172851562
2017-11-13,152.7569600935982,154.623986334434,149.23729462160654,152.7390899658203
2017-11-20,153.30877870742074,156.06835627419824,153.07583241455956,153.76571655273438
2017-11-27,154.33017517564133,165.9150113711309,153.31772901300687,165.87022399902344
2017-12-04,167.7428024910883,171.32666749263473,166.21069418752882,168.50437927246094
2017-12-11,168.6298377681063,175.02703715066224,166.80205870374067,172.67959594726562
2017-12-18,172.59000093602813,174.13106413888542,166.11215443616956,167.21420288085938
2017-12-25,166.81994160070988,168.0832571680637,166.4705153449906,166.75721740722656
2018-01-01,167.7517451226374,172.29430024644307,167.2948072896142,168.2176513671875
2018-01-08,167.83236910230536,172.18675103409475,164.75024366516695,171.8821258544922
2018-01-15,172.33912407645138,172.94837460103662,171.03100725695828,172.2853546142578
2018-01-22,172.4735418309902,178.50339221871016,171.962834391626,178.21669006347656
2018-01-29,177.7328273468272,179.08574518506833,170.95036968740624,171.12060546875
2018-02-05,170.82492830856302,172.11512189448848,157.50190088994663,161.9190216064453
2018-02-12,162.92250836847631,174.37295656470326,161.31873471024554,171.6313018798828
2018-02-19,170.57233225252733,172.01869853523652,166.79022828811384,170.5184326171875
2018-02-26,170.77894787897205,175.64807757428835,168.1916559905899,170.0872039794922
2018-03-05,169.2966147195705,172.710399081495,164.47240665842546,169.4134063720703
2018-03-12,169.13496326742893,170.79692813951277,164.84976393083886,166.9788818359375
2018-03-19,166.76328399516657,168.79358133857784,162.45113482185116,162.46011352539062
2018-03-26,164.42748295706718,169.46730312807654,162.81042579108606,169.2786407470703
2018-04-02,167.9131707932654,168.2186111765234,162.54993814136245,165.26300048828125
2018-04-09,166.37699426480955,170.7250723221541,163.6549526998394,169.70993041992188
2018-04-16,172.34211171892107,177.66941629285236,171.9288720386972,173.88729858398438
2018-04-23,174.1119155845373,176.90582802743737,171.72226417900683,176.6003875732422
2018-04-30,177.06748618904444,178.8103002074498,170.8507974822981,175.3516082763672
2018-05-07,175.88164909125052,176.91476189245427,172.6744977191725,175.86367797851562
2018-05-14,176.55672371003428,181.41302397759327,174.1240573856929,179.25967407226562
2018-05-21,179.83629481645244,181.79142717380932,177.28651010674304,178.7190704345703
2018-05-28,178.48485606784433,180.8274051713322,175.69180141793026,177.61090087890625
2018-06-04,177.78210361767393,183.809672796438,177.2234843960317,183.5844268798828
2018-06-11,183.58438791553672,187.10723660226347,183.08885800262343,186.79190063476562
2018-06-18,185.60264003787591,190.80131977573308,184.35927814702563,190.19766235351562
2018-06-25,189.21554856884683,191.42296924347906,187.4496285266424,188.28753662109375
2018-07-02,187.78294324128552,189.55788149415264,185.6476171570189,188.86412048339844
2018-07-09,189.67504269224597,195.1890570926377,189.1794990374586,195.0989532470703
2018-07-16,195.18905296559834,197.26131763858305,192.45006934201183,197.03607177734375
2018-07-23,198.10823705985322,202.37888963471295,195.8467598967251,197.9010009765625
2018-07-30,197.351373619528,200.57689544465032,193.72041206384387,200.04531860351562
2018-08-06,199.50476359314808,203.1537494040971,195.4323281984697,198.49566650390625
2018-08-13,199.14441588431887,203.51419210408181,197.10819777613796,203.333984375
2018-08-20,203.6222639509259,209.08222157224426,203.59523554669497,208.37945556640625
2018-08-27,209.69491213853343,210.39767819349782,205.514349100935,210.04629516601562
2018-09-03,210.5767394192054,219.4373266415058,210.5767394192054,218.09153747558594
2018-09-10,219.48243035203734,221.43338859618987,211.77796589532954,212.5998992919922
2018-09-17,211.40771140411255,213.0154422088566,209.1044972074591,212.0399627685547
2018-09-24,211.52510664610503,212.86186846701926,209.85414403342904,212.14833068847656
2018-10-01,212.98834063548702,214.57801691454122,196.71230972936667,197.64263916015625
2018-10-08,198.1122887184405,205.5909498661567,198.04002945831226,204.9857940673828
2018-10-15,204.3535396909562,208.327702463841,202.54709956109141,207.4425506591797
2018-10-22,207.6322703225724,208.72515907997806,195.99878938129837,197.07362365722656
2018-10-29,198.4826368627039,209.75482098118962,197.57941667220243,207.88516235351562
2018-11-05,208.38193071377037,217.56767815483684,207.55999705442053,214.7315673828125
2018-11-12,215.15142334761683,216.56379372302627,205.083746259474,209.15789794921875
2018-11-19,209.69206941448317,211.40321263870965,196.87206827895506,199.23507690429688
2018-11-26,201.76104280030395,211.30360496442862,197.7140511785547,209.39328002929688
2018-12-03,208.88626136437193,211.72911300150696,201.92398738999012,203.580810546875
2018-12-10,203.29111387800125,208.64183652615893,186.06197980561154,187.46530151367188
2018-12-17,187.1212197324609,188.31631064264428,175.35145031729564,176.11196899414062
2018-12-24,175.55064738699016,185.5549550219863,171.57608699947048,182.9203338623047
2018-12-31,184.13356519120896,188.2529744437486,180.93762043387122,186.72291564941406
2019-01-07,186.07100377587136,191.25875209472207,184.2783674190479,190.58877563476562
2019-01-14,189.64722696812854,193.89340041684736,188.46119840616487,193.37733459472656
2019-01-21,192.8431655340992,195.16090277803715,188.98630719674654,189.2850799560547
2019-01-28,188.93196183827348,194.65388739177905,187.6916135812116,190.3715057373047
2019-02-04,190.76079530365737,192.40856962570322,186.27923209400385,188.0899658203125
2019-02-11,189.41506022060682,197.22225275186165,187.69929526168343,196.51416015625
2019-02-18,196.695757527958,199.35565569163387,194.49885266304997,196.3507843017578
2019-02-25,197.33119444127,200.23620546038367,195.87870278383227,199.2103729248047
2019-03-04,200.109078457945,207.61669080105995,195.96945617631286,206.8178253173828
2019-03-11,206.55452941104105,215.5600256732391,206.1278565262092,212.06495666503906
2019-03-18,212.04680762307345,218.18361404266093,211.96510783714197,215.65989685058594
2019-03-25,215.08796448783818,220.09001919358474,214.0530590059797,219.8176727294922
2019-04-01,220.66193313525037,224.31132845433677,218.1563624272089,223.20379638671875
2019-04-08,223.31278792378478,224.0753470516813,218.69201205957788,219.6452178955078
2019-04-15,220.0264913513996,224.45662038459025,219.6542987875729,223.1493682861328
2019-04-22,222.58653307548974,225.77294973445333,219.74507572226392,221.34283447265625
2019-04-29,222.41400385343377,223.13116944439756,218.2562220375116,222.06903076171875
2019-05-06,220.46227203310477,225.6368005330365,216.23186244195446,224.2478485107422
2019-05-13,222.21364490586842,227.6115176890013,219.07323686016534,226.06407165527344
2019-05-20,224.97177419032758,228.4853942879686,224.62588326578128,225.1083221435547
2019-05-27,226.2733991700413,227.7480222254149,212.13700208655277,218.08102416992188
2019-06-03,218.2631025494213,233.57374981849182,216.71565651498616,233.0366973876953
2019-06-10,233.39170079504794,237.7609849760694,232.81824387876804,236.80519104003906
2019-06-17,237.69724561917099,244.80640532222117,237.06004969989777,242.24856567382812
2019-06-24,243.32274269895717,243.92352045782349,239.39039433859298,240.54644775390625
2019-07-01,242.5216725535191,245.0067037012678,238.1888340582632,244.17835998535156
2019-07-08,244.25114840185194,254.87394243989914,243.3591073819076,254.36419677734375
2019-07-15,254.81923132475927,258.79707938842694,253.87254926547178,256.24835205078125
2019-07-22,255.98440713715001,256.9857029519335,253.97273175861832,256.1209411621094
2019-07-29,255.79330717594524,256.0572637470456,246.22642321105397,248.0469512939453
2019-08-05,245.85325016237653,250.75047591772875,239.13549603873327,249.35777282714844
2019-08-12,249.4396165345444,253.1990109032035,243.95072630386935,249.5033416748047
2019-08-19,251.6060296227506,255.77502575858486,248.22895857763888,249.42140197753906
2019-08-26,251.00531924806413,273.0337210244301,250.95070562576518,268.3094482421875
2019-09-02,266.90507535430686,277.91627313175917,264.9801550601782,277.11346435546875
2019-09-09,277.7885264567753,280.37939147432957,262.56261123589445,266.2938232421875
2019-09-16,265.0805469385826,267.81738013117155,259.7345849586618,261.2398376464844
2019-09-23,261.2397318748276,266.9505970667571,259.45167604163237,260.86572265625
2019-09-30,262.4623319787134,266.33951259595585,256.89743187762826,266.0840759277344
2019-10-07,265.509236575343,274.3765744940125,264.970996221246,271.4937744140625
2019-10-14,271.8586729538429,277.33233750996055,269.1948106200467,276.2923278808594
2019-10-21,276.42009952538734,278.13518578550367,268.7204747239087,270.49029541015625
2019-10-28,269.7605286621399,273.91138108611,268.7113870283727,270.1163024902344
2019-11-04,271.6813385259655,280.76907959122434,269.8619711687644,276.6731872558594
2019-11-11,275.6950124373103,279.662924247402,273.05281630680366,277.6241149902344
2019-11-18,277.1211162330625,280.1107619273568,271.7452951177481,273.6469421386719
2019-11-25,274.54307226024105,276.8287216695451,272.037981534968,274.1042175292969
2019-12-02,274.0492927154508,274.46072066224053,267.4209111568619,269.6608581542969
2019-12-09,269.7065771462054,272.2299425251099,264.31245118347897,266.8449401855469
2019-12-16,267.90543066739406,270.9499021907052,266.5066149024701,269.55108642578125
2019-12-23,269.6243383375706,270.8951448443993,267.90552559366483,268.8929138183594
2019-12-30,268.97520245098747,270.2642840154501,264.52273448123503,266.71697998046875
2020-01-06,265.6381474306035,276.06985406395165,263.8736328875347,271.7545471191406
2020-01-13,271.46200427664,279.123477178759,271.35226967504843,278.556640625
2020-01-20,279.94623254752287,287.3334360412019,279.54395618934916,283.8866882324219
2020-01-27,279.900511816232,285.2215082601315,278.446842707514,279.32452392578125
2020-02-03,280.67768201079144,286.9037873177792,275.80469088293427,286.7392272949219
2020-02-10,287.46292047617237,293.0058421541488,284.4486565952486,291.6315612792969
2020-02-17,292.2636979321984,297.99903838108,291.9063715265555,294.9664611816406
2020-02-24,289.05705144459705,293.17989369974975,248.54325376557034,257.5768737792969
2020-03-02,269.76216901426363,297.3119256057454,266.9586383399665,285.2457275390625
2020-03-09,271.0539766633127,284.3203488353265,253.17915623872773,276.9358825683594
2020-03-16,258.20905844682136,291.3475659022351,256.08352512743653,266.0791320800781
2020-03-23,267.53578845164304,272.42822392580064,255.08480984227717,260.49945068359375
2020-03-30,263.39455629339847,268.24119270095497,257.3568881297913,264.45733642578125
2020-04-06,268.4428150183791,284.01799541193697,265.3003000375629,274.86529541015625
2020-04-13,273.55517553695654,295.5894955733946,272.71229892835345,291.2742614746094
2020-04-20,291.30171897930705,291.69567274812164,274.26063219535166,284.52191162109375
2020-04-27,286.81237378511713,287.032277711997,275.021049734325,276.615234375
2020-05-04,278.23897396140586,285.62195656266,275.5484189916903,280.938720703125
2020-05-11,280.6632935306618,286.34742461213114,270.4703733568861,274.75872802734375
2020-05-18,277.0636048370229,283.76704154988016,275.41071107935073,277.715576171875
2020-05-25,281.0029403507645,285.58514970154664,274.9973798383822,283.26190185546875
2020-06-01,282.73855799576364,289.5797588733935,279.8184327557165,286.5402526855469
2020-06-08,285.27303255571053,285.8515537728811,272.0406067674847,274.2904052734375
2020-06-15,272.775198559444,278.00021660199667,269.82752613892427,275.3923034667969
2020-06-22,275.2085779782028,279.9836180448629,271.2599564355772,272.3251647949219
2020-06-29,273.13323036174677,283.67509581208014,272.5730649383245,280.75494384765625
2020-07-06,282.39876340502326,302.0958887142049,282.1324542488827,299.57061767578125
2020-07-13,299.6348753265668,302.4080999958366,294.2629575486599,298.248291015625
2020-07-20,298.3400633213531,304.4006901348877,296.2922884163953,299.1573181152344
2020-07-27,299.06550132360366,303.0324786792722,295.6862367718959,298.9277648925781
2020-08-03,299.58916519106214,317.5985719700118,298.43884582220693,313.72430419921875
2020-08-10,313.54019495206046,313.8715014843817,305.3407163476601,309.4634704589844
2020-08-17,310.72424147278537,318.26113571909895,309.95123027880027,317.12921142578125
2020-08-24,317.58934423841697,321.22436449228434,314.23041746938185,320.5893859863281
2020-08-31,319.19065383771914,334.66935944791976,313.25499410759033,318.9329833984375
2020-09-07,316.4206380848761,321.81334975382,309.2978697193107,312.08624267578125
2020-09-14,313.7978590619367,320.9482610197766,304.7885795134892,309.1689758300781
2020-09-21,307.33772223572794,320.47896930078326,307.0984468252595,315.2611083984375
2020-09-28,316.347016519255,331.0066788214316,315.7396445636211,326.69989013671875
2020-10-05,326.99440375543537,340.26450161132914,326.99440375543537,339.99761962890625
2020-10-12,341.4148172540691,354.17875754584645,341.20314836225333,351.11431884765625
2020-10-19,351.5651516710487,352.5406200993101,342.3625981335148,344.7276611328125
2020-10-26,337.43928892690064,345.01300200249426,327.4177208704411,329.1017761230469
2020-11-02,333.97552439166907,356.63886125144325,332.58325918927386,355.5877685546875
2020-11-09,357.97577828323557,359.12830815536444,332.47259389621496,349.2995300292969
2020-11-16,347.5200811390455,358.18790593813577,347.5200811390455,351.40179443359375
2020-11-23,353.13516640993737,360.2071023581604,350.6825793711122,358.1048889160156
2020-11-30,361.20288710367316,362.4937150228504,342.89150472506174,344.3114013671875
2020-12-07,354.1249672838948,360.49273651549794,350.79444111055346,354.9103088378906
2020-12-14,356.2917715213198,357.82457089964146,346.2339233814939,347.246337890625
2020-12-21,345.4391015625016,346.4136608670559,340.14998564021414,344.95654296875
2020-12-28,345.8270528149789,356.7459232515042,345.4296465062071,356.4999084472656
2021-01-04,357.11488845693026,361.0131255479645,344.682161704214,350.0280456542969
2021-01-11,348.7412997278122,351.03105679247415,340.85967172368953,342.6668701171875
2021-01-18,342.8560540943963,345.00389041922256,333.4700116649039,342.7992858886719
2021-01-25,341.4367913028962,346.2055227100119,332.9401559271962,333.4605407714844
2021-02-01,332.30622553458875,339.0903152734124,330.4138748975364,336.0531005859375
2021-02-08,338.04386574890094,342.87889321380993,331.91002336417705,334.4223327636719
2021-02-15,334.7352671620644,339.5892753582472,333.6260722008653,336.33746337890625
2021-02-22,334.42237734146346,334.93432898250524,313.7455488982135,313.80242919921875
2021-03-01,317.79373972336924,318.5427023924542,291.0494334359626,300.833251953125
2021-03-08,302.3405672949909,314.39968222051397,294.7657087066669,313.9351501464844
2021-03-15,316.2672791613025,316.34310990206103,305.6302312196512,311.8209533691406
2021-03-22,311.38486383665924,334.1473660166304,311.1383632963752,333.730224609375
2021-03-29,333.18990308295344,339.18151607641283,330.7154944778069,336.4985656738281
2021-04-05,338.92554697178923,347.0028670743134,338.2998347978485,344.3388671875
2021-04-12,343.9881218349562,353.4306275914991,342.5660564949711,351.4587097167969
2021-04-19,351.72408243899287,355.933397222633,349.0695726348896,353.8856201171875
2021-04-26,354.473525100459,355.24143816439175,346.31088292754515,352.757568359375
2021-05-03,355.1757493969535,367.156200606303,353.4751083938572,365.1325378417969
2021-05-10,366.24412703012325,368.5243285104389,352.58205416594194,365.2275695800781
2021-05-17,365.8165463851572,370.006376723348,357.3513825174609,361.71221923828125
2021-05-24,365.1515712857267,368.41031933951746,358.206530124128,359.3846130371094
2021-05-31,360.96175982830107,368.400858616818,356.7529371949138,368.1728210449219
2021-06-07,366.2251299625173,367.15621318480737,358.8335533027687,362.766845703125
2021-06-14,361.7787241053276,367.17513802654355,358.2919394063049,361.8642272949219
2021-06-21,363.1658332046651,375.75431532359727,361.56020561865796,374.8137512207031
2021-06-28,375.2792583281532,380.7611752841339,373.5026244530763,379.0225524902344
2021-07-05,379.877675583284,393.330730121798,377.2839625047985,391.7821044921875
2021-07-12,393.3687431971425,393.66326388959146,384.33352797134006,389.8819580078125
2021-07-19,389.58745895927325,402.82198678980967,389.5779489383548,402.2899475097656
2021-07-26,402.261423560421,409.95703062943034,399.3637087537896,408.2658996582031
2021-08-02,409.88797625245616,422.1478787079867,404.9954544995024,418.4642028808594
2021-08-09,419.4349816812786,426.7737770279618,418.1594992185053,426.2597961425781
2021-08-16,426.34542593275694,438.4434962509292,420.0631763952251,436.8919677734375
2021-08-23,435.2547965220071,436.95862538397364,425.19370960453796,428.658447265625
2021-08-30,429.32483509809816,441.2801356889962,428.75371609186914,440.2806701660156
2021-09-06,440.2331064087635,447.15308445643126,435.59757542793113,442.7650451660156
2021-09-13,444.5734885679485,445.69667073533356,434.17924602342083,437.3869934082031
2021-09-20,434.64566009158375,446.1535863833216,425.1175799050444,445.23028564453125
2021-09-27,443.1362190461395,447.8383865069127,419.53974730021133,426.7452697753906
2021-10-04,426.75474321965805,437.46311387682977,415.1706820735782,430.09576416015625
2021-10-11,428.372906282708,432.0851356138811,422.6903297898035,430.6097717285156
2021-10-18,427.9636211234491,461.6783465535829,426.9070757487346,458.7846984863281
2021-10-25,458.78464402482103,470.3782615650156,456.4145340506543,467.8748779296875
2021-11-01,471.1201791366617,495.96568201473,464.4941007010166,489.2060852050781
2021-11-08,489.4826075243947,495.44132756695655,476.8882940844362,493.0673828125
2021-11-15,494.32587611608216,510.3334190309257,493.29619298967117,508.9128112792969
2021-11-22,508.4646247691122,528.7051818542624,507.5112297758882,520.6776123046875
2021-11-29,520.6777053262292,534.6449677485239,490.0832289239524,504.279296875
2021-12-06,507.4447052805425,535.1122586074955,499.38850245477647,532.7764282226562
2021-12-13,524.786869896903,540.1460530035694,512.5166780082671,522.0887451171875
2021-12-20,516.8641259173359,526.8556886344411,511.09609680206984,524.7200927734375
2021-12-27,525.8355929169873,544.8558397087172,525.7402766686588,541.2424926757812
2022-01-03,538.6969234932866,542.2148959555484,509.34184773236257,511.1914367675781
2022-01-10,504.622498610924,505.69029652497784,478.4708765973725,479.5482177734375
2022-01-17,471.41571365004194,476.5831276818814,458.88811767979837,459.1645812988281
2022-01-24,453.38706205126425,472.6838001022379,447.15187857989366,469.4803771972656
2022-01-31,469.07046009869526,501.90539463322904,467.7643132695243,495.5462646484375
2022-02-07,497.75811635639394,510.1137491814603,484.4667589128478,486.6533508300781
2022-02-14,486.0040179457852,494.807673334625,478.7949873691037,489.517822265625
2022-02-21,486.96846550285215,494.8458965624571,461.1686957226723,494.1202087402344
2022-02-28,491.07427242682536,514.6206629192271,488.20975200635525,501.76849365234375
2022-03-07,499.8110584095365,520.6647334075632,492.4206054132485,503.60174560546875
2022-03-14,503.935963051828,537.1452704248541,499.8969499208558,535.9994506835938
2022-03-21,534.8441312979503,541.1556101796501,524.4172357630334,530.6141967773438
2022-03-28,531.5976758738792,559.8418627709814,528.5040032283723,549.5773315429688
2022-04-04,548.0209562206386,584.6199953678953,544.6121699028862,572.9422607421875
2022-04-11,571.7486487429285,573.8588662197158,552.6232329740652,563.72802734375
2022-04-18,558.9442852519194,581.6694672789489,545.2614107206413,545.882080078125
2022-04-25,544.5548878866003,544.574003338972,505.7788430778741,507.70758056640625
2022-05-02,509.0213574464458,522.3248253834361,477.06827230212417,481.4102783203125
2022-05-09,474.466912199819,488.36331125296,458.8394429145684,475.58587646484375
2022-05-16,474.5051904338602,475.9780157363033,388.783617329858,398.2710266113281
2022-05-23,401.68526832597513,454.172148057126,398.50049082644557,450.2318115234375
2022-05-30,450.2318306980483,469.71356237166196,436.7849399063531,455.482421875
2022-06-06,459.54709676926404,463.12399927530447,437.798716971619,443.106689453125
2022-06-13,430.37711675602156,444.11091473883084,423.87365199976813,427.2114562988281
2022-06-20,430.9030858969732,463.6882543771709,429.5545967271332,463.2483215332031
2022-06-27,464.62556679375075,469.8283502490108,444.4552295190661,464.5777587890625
2022-07-04,464.3864672077468,483.4760750088961,457.59606691088715,479.6696472167969
2022-07-11,479.26785100679996,501.91523948094067,462.722257031766,500.14593505859375
2022-07-18,499.1035188409148,513.6885203278489,493.1834404925845,506.6207580566406
2022-07-25,508.24662813230003,518.4800504726065,486.57477665014835,517.69580078125
2022-08-01,518.7043731305283,529.5207316311066,510.972947947867,517.98583984375
2022-08-08,521.0229209430273,526.8381993140972,509.57427803711096,514.6710815429688
2022-08-15,513.8950541533316,541.0555902754083,513.205231759046,531.264404296875
2022-08-22,529.7985764125555,529.7985764125555,509.36347209238426,509.5072021484375
2022-08-29,504.91810559191316,513.5213245253443,494.39873962168684,497.3303527832031
2022-09-05,498.33643215526746,515.4854531536931,491.02660596545115,514.0675659179688
2022-09-12,515.1691719924843,519.8348433205771,476.43544576005814,482.9884948730469
2022-09-19,481.0916525209775,485.45074350852354,444.0823870469578,446.83197021484375
2022-09-26,446.3242092124931,470.9267862054964,445.69189630190476,452.4556884765625
2022-10-03,454.5920407951871,473.15894484218063,446.56362452216,448.5084533691406
2022-10-10,449.9839179413085,459.6122533515487,430.1907153092863,435.5749206542969
2022-10-17,442.28123208015796,459.4494021711306,441.1603364019211,458.1177062988281
2022-10-24,461.40373885291245,491.3043249409547,460.8289356158701,489.4361267089844
2022-10-31,489.1392821781439,489.1392821781439,457.3227476046804,466.8437194824219
2022-11-07,457.860066189774,496.04950206657844,455.4126547873059,494.73455810546875
2022-11-14,495.02267858102135,508.4882779883594,488.9281075293248,502.6048583984375
2022-11-21,504.5915990991145,515.2066977368179,501.07885185530006,512.1929931640625
2022-11-28,509.53442097878604,520.754181119061,472.3143580126202,474.63702392578125
2022-12-05,472.6886638017554,472.8806303050765,451.57363719538256,463.5899963378906
2022-12-12,463.3116516123134,477.9385960436672,438.50149117182775,442.8876647949219
2022-12-19,442.37897765401664,445.03754068509045,434.32646096011973,444.03936767578125
2022-12-26,445.7189255494539,446.0068752496684,432.6180196638828,438.13671875
2023-01-02,439.5764713496142,464.9337121259743,429.8827485470095,463.446044921875
2023-01-09,463.5035727920643,467.2850840589102,456.35327526930257,465.7302551269531
2023-01-16,465.61514209082503,470.74993859279965,449.241400810418,460.79705810546875
2023-01-23,460.64352638057545,488.62093161221986,458.38805170403276,483.0446472167969
2023-01-30,480.24205314986983,508.7281349676896,480.24205314986983,494.0915832519531
2023-02-06,494.6056574311925,498.0187746807867,476.2805221805004,480.7127685546875
2023-02-13,482.39528854424333,491.70209619833184,479.4052093991974,487.91400146484375
2023-02-20,481.5106515366738,485.9717388520684,466.0121705691991,469.7713928222656
2023-02-27,473.55960765434094,473.9922695353335,447.38907995585083,456.9362487792969
2023-03-06,458.147645811173,476.1170506969136,450.3215007333712,452.97509765625
2023-03-13,448.8023814733919,471.01176027034626,448.8023814733919,468.2716369628906
2023-03-20,469.1849905542588,477.47263876662635,465.61803910793253,476.1746826171875
2023-03-27,478.10723907715993,480.5877535960427,466.6948947092606,477.7130432128906
2023-04-03,477.3572455509538,484.6930725688787,459.0897980877753,467.24285888671875
2023-04-10,465.24304277644336,481.07803674028054,463.0894162305148,472.35772705078125
2023-04-17,473.77104989641174,490.9713080525903,472.21351432280017,486.8274841308594
2023-04-24,486.58714154648686,493.34609623891913,474.3671883028156,483.81817626953125
2023-05-01,479.9050689740497,480.77036325081997,467.19477011551805,479.81854248046875
2023-05-08,479.19111358412727,487.53459396941076,477.0040927063824,485.646240234375
2023-05-15,485.58845301155816,486.54225912074685,473.921058003717,478.3721923828125
2023-05-22,478.83465893421544,492.0820966813894,459.3247960701956,488.71966552734375
2023-05-29,491.15718077339454,499.5488219902301,483.2568790601294,493.8548583984375
2023-06-05,493.8548607569873,502.97870401951576,491.90867294203565,498.3734436035156
2023-06-12,498.3733578326819,511.8423676804362,497.14011382039143,504.5105285644531
2023-06-19,502.8726866401899,506.1966005532393,497.6603897551855,505.27166748046875
2023-06-26,505.23313800158434,519.8390122335495,502.2078912808703,518.7021484375
2023-07-03,517.6136008371599,526.0919505232308,505.4548644664669,505.8594970703125
2023-07-10,505.8690084060689,526.8722047252911,505.8690084060689,526.7180786132812
2023-07-17,526.2171256499277,541.5070727857285,526.1400331830026,537.47021484375
2023-07-24,537.6051513445839,550.2841286816025,535.5626418538575,542.730712890625
2023-07-31,542.4223481730527,543.665177499311,530.8802360293108,531.8629150390625
2023-08-07,534.7051227797518,548.4054127855926,531.6702904676258,542.3838500976562
2023-08-14,544.1276282136636,546.9601733206304,523.2592700897634,525.0223999023438
2023-08-21,523.9819023275141,525.2247904609528,511.1680291020596,514.491943359375
2023-08-28,517.3847880540882,534.2576910205319,514.6048053751914,525.3482666015625
2023-09-04,526.7769659933052,533.19603734726,521.4197273670367,532.04736328125
2023-09-11,533.6111435566404,547.0187639566054,532.6941248659048,537.037841796875
2023-09-18,538.7945748324105,549.451137850528,535.0300559708032,539.1903686523438
2023-09-25,540.0590523308969,552.3083343774116,525.8116537615695,545.339111328125
2023-10-02,548.1866267424946,556.179093056214,523.7846243462062,538.1671752929688
2023-10-09,535.7251025534647,549.3740409275938,530.6864190575048,547.1539306640625
2023-10-16,549.9049321236333,557.2506262033592,532.8389574169387,533.7269897460938
2023-10-23,534.895040177684,537.5784616880186,521.4680937476608,524.1708984375
2023-10-30,526.7866344322679,543.4375480661654,524.7595902517033,541.420166015625
2023-11-06,542.0173308798975,558.8438843500344,541.6692099449845,558.0992431640625
2023-11-13,556.0491928638944,580.1188842649973,553.3801472943775,558.1283569335938
2023-11-20,558.3119860002614,574.6162979615082,558.3119860002614,571.869873046875
2023-11-27,572.9917073456746,580.167141990954,563.6210686160708,576.5987548828125
2023-12-04,572.6338471702801,593.3865272093028,571.9665859420629,590.6498413085938
2023-12-11,601.4709218306717,640.0655906716985,598.3667556248081,637.1064453125
2023-12-18,642.5994183756542,659.4355938709311,637.715868009114,649.4653930664062
2023-12-25,650.8289186974357,653.5849646729714,635.5012682230933,638.3250732421875
2024-01-01,648.3901528189364,652.415523638869,633.4854209826797,648.8154296875
2024-01-08,648.617602495017,676.2214815668494,646.8571554894343,675.7467651367188
2024-01-15,675.7468082858494,688.4954564650222,670.7225044049804,687.34814453125
2024-01-22,687.80301946823,690.9975758472002,668.546581322614,679.3468017578125
2024-01-29,682.3336964156913,706.446318914075,678.7336028337479,701.6989135742188
2024-02-05,703.8795070448904,721.2427080527528,697.6394527126031,716.5181274414062
2024-02-12,716.6369172868431,722.1241915407395,702.2946295471509,717.1024169921875
2024-02-19,721.1041291286288,735.4463585498546,713.4179419400659,730.909912109375
2024-02-26,734.9410797857287,745.4006161849842,731.9696198944117,742.310302734375
2024-03-04,747.8967186347181,779.5922932157407,718.2018860900552,718.6575317382812
2024-03-11,712.962227837519,733.6336803932984,704.2459569839633,718.7268676757812
2024-03-18,719.1924450865181,745.1531260148912,719.1132496693529,727.8096923828125
2024-03-25,724.0457801574719,728.8892746459936,719.8262971284289,725.6602783203125
2024-04-01,724.7985954823129,726.2942401508977,690.6367170707276,706.93017578125
2024-04-08,706.722133079563,726.8091707280125,700.2542262939589,724.352783203125
2024-04-15,728.4336531824692,733.9506715578981,695.3216888443245,702.76025390625
2024-04-22,708.0593258679276,723.9962838763929,699.4519938077525,722.2431030273438
2024-04-29,723.7496027523625,741.5672580536688,709.6521737983761,738.0057373046875
2024-05-06,743.6506457991692,781.2106473305998,740.565241883577,780.9526977539062
2024-05-13,781.7562190767977,798.1850021723907,765.317505528757,789.5043334960938
2024-05-20,788.948778592069,810.3974661002381,785.724530204236,803.3140258789062
2024-05-27,803.3240036620299,813.0066798485338,781.9546979634074,803.4728393554688
2024-06-03,804.5740435079211,843.642021019544,800.7347122874631,838.8800659179688
2024-06-10,840.4674163770968,849.3961054547302,830.913714219905,848.89013671875
2024-06-17,847.7194041595554,867.0351643121306,840.9336350856818,841.58837890625
2024-06-24,843.2649963708787,852.9278114645759,834.8422768600799,843.2550659179688
2024-07-01,846.7372608999204,879.9123002341008,833.8402668850417,878.65234375
2024-07-08,879.7634412147502,889.5651612502619,831.7370475724967,836.2212524414062
2024-07-15,840.14982143087,851.1023838466025,818.5721593235554,831.489013671875
2024-07-22,839.0486180381587,847.8086696331769,802.5997406714572,811.1216430664062
2024-07-29,817.2041501448559,824.8837992140428,798.0497174896071,816.727294921875
2024-08-05,792.8041481318179,852.1849995331897,787.8367035946511,849.3634643554688
2024-08-12,851.6682803789214,874.5980190386163,846.8498839167981,864.9214477539062
2024-08-19,864.9214825468694,885.3177770572748,863.043774071772,873.4853515625
2024-08-26,877.419525988914,912.9466967771738,875.7008096916742,886.569580078125
2024-09-02,890.8415788494386,891.0502333384898,863.0437801023328,870.9718017578125
2024-09-09,878.9792961310026,917.814801104684,872.1540327325105,910.0357666015625
2024-09-16,915.9967462900304,916.6226491347192,885.1489287296133,901.0745239257812
2024-09-23,901.0745461168799,913.5130465903578,868.3093014899106,879.8536376953125
2024-09-30,885.5661519245524,904.0748540625898,861.513765021496,877.3599243164062
2024-10-07,875.8596582300119,904.0747630007356,866.6500587460749,883.2413330078125
2024-10-14,886.6390804494475,894.7857006337384,873.7733885249706,883.7678833007812
2024-10-21,883.2115980908587,899.7829850282272,877.9461192511625,885.4171142578125
2024-10-28,890.1560820825744,890.1560820825744,861.6926623667969,871.5977172851562
2024-11-04,876.7649662580803,957.00623123814,872.1788507504018,938.9006958007812
2024-11-11,938.9006400746451,946.3418520333627,900.859156951233,902.361328125
2024-11-18,905.9128488307451,971.23197863911,902.401144045817,959.0057983398438
2024-11-25,969.9386988812985,969.9386988812985,944.7600874959945,966.8348999023438
2024-12-02,966.3176454003924,992.530898702868,959.7519303574828,987.4573364257812
2024-12-09,991.8345041357991,1002.5684710985806,960.7168503077172,984.2142333984375
2024-12-16,983.915831093986,1003.0161760723535,938.1546170108436,949.117431640625
2024-12-23,948.9282817857282,954.4295432169993,927.1618590358759,934.8218994140625
2024-12-30,926.1670878157628,929.3206150341571,897.3176296560881,911.8219604492188
2025-01-06,913.2146945180853,939.3782183066136,908.5291832539563,932.0762939453125
2025-01-13,929.1515268819292,938.9006421081189,905.1965112005895,938.2938232421875
2025-01-20,940.3432175000358,951.5845471789053,928.7138977345397,934.8021240234375
2025-01-27,925.1723787827277,985.8557283587991,922.3670100898975,974.79345703125
2025-02-03,967.3423017349526,1057.4819272655998,963.9101986702477,1038.3916015625
2025-02-10,1047.6952393317308,1073.8178873021432,1041.7197911986602,1067.4639892578125
2025-02-17,1064.8348709094557,1066.617585328211,1020.4871751850062,1030.7947998046875
2025-02-24,1024.3313911077814,1054.557178662311,1014.6611012433208,1044.3192138671875
2025-03-03,1047.4363734734163,1061.638032679389,938.9222659963895,960.3641357421875
2025-03-10,951.5603039633351,955.7331614251113,877.9527614263606,900.2212524414062
2025-03-17,897.94064487745,919.6116153372502,880.3429653820994,905.5394287109375
2025-03-24,916.2354505113038,939.0417702784108,916.2354505113038,925.8558959960938
2025-03-31,918.5858030327399,990.9285837776266,910.3994674271709,912.7298583984375
2025-04-07,884.1173950992077,989.3450157387967,868.1430514315268,959.4677734375
2025-04-14,966.030914168552,995.8284692640219,955.3149326527281,990.4306640625
2025-04-21,988.9367715589506,992.9104352658333,939.111458715193,973.1615600585938
2025-04-28,974.4961430659721,1013.8345157293404,964.8159448432746,1004.1741943359375
2025-05-05,1004.6947969695913,1014.9361197235193,988.6298265920399,1005.273193359375
2025-05-12,1006.96834312258,1025.3867644395075,980.2532237675787,1022.9635009765625
2025-05-19,1015.7536989984075,1036.5653770334159,1004.1861372547216,1005.6819458007812
2025-05-26,1012.1637454077528,1049.5489758815706,999.2000718212496,1037.2734375
2025-06-02,1031.3799458518965,1064.0982011584592,1003.198903385777,1012.1039428710938
2025-06-09,1009.5910157107493,1010.518409742865,985.9073794452864,987.443115234375
2025-06-16,989.5571771692074,999.0505343124184,971.1786829047896,977.55078125
2025-06-23,980.4028384008178,1003.0294388630758,973.7713959463795,982.3872680664062
2025-06-30,982.4071750017878,994.0545915461339,971.7769886483096,984.2620239257812
2025-07-07,982.2476433503396,993.0872647585498,963.0015849479702,967.61865234375
2025-07-14,968.3864442574281,978.7474262305892,944.8623955547155,948.2927856445312
2025-07-21,948.8512033492578,955.0239090538568,930.8815371963865,932.865966796875
2025-07-28,932.8859378468197,954.0466137104935,922.4152779351238,949.8583984375
2025-08-04,951.2542047400057,986.8039479613234,934.35812527337,979.5941162109375
2025-08-11,981.7710336140206,990.3489250813595,965.8535500913173,970.666748046875
2025-08-18,971.9249484287392,997.8882166667764,951.7634696167063,957.185791015625
2025-08-25,953.6108745684218,956.9461217553746,931.9315240575193,941.9873046875
2025-09-01,937.333892298661,968.1802674419253,935.1769706308056,962.1188354492188
2025-09-08,962.3685009629512,979.6141228121397,952.6123446713489,966.5326538085938
2025-09-15,966.4527208828619,968.3699913396891,942.4566399782441,949.8162231445312
2025-09-22,946.0415958827328,952.3126921332224,903.7713804306212,914.656005859375
2025-09-29,915.0454576835358,929.1954217988073,902.013845451445,914.0867919921875
2025-10-06,914.2066557924628,944.1143570494081,902.6030764626881,928.6961669921875
2025-10-13,927.6875406553921,962.6380938555415,919.8585899210304,935.0072021484375
2025-10-20,934.8673862302666,951.6536352172859,928.8359412708182,930.8231201171875
2025-10-27,928.8958599192422,931.8816260196977,908.0153665666857,910.162353515625
2025-11-03,912.4000244140625,945.280029296875,908.2999877929688,922.739990234375
2025-11-10,919.0,928.8900146484375,909.0700073242188,922.97998046875
2025-11-17,922.02001953125,924.9000244140625,873.969970703125,899.010009765625
2025-11-24,899.0,914.2000122070312,881.3200073242188,913.5900268554688
2025-12-01,913.2000122070312,926.3200073242188,888.0800170898438,894.6799926757812
2025-12-08,893.5,894.0,871.0900268554688,874.4099731445312
